2018-04-11 08:04:21 +0000  Initial pipeline context: <IDEDistributionProcessingPipelineContext: 0x7fa83f9537e0; archive(resolved)='<IDEArchive: 0x7fa84ce76f70>', distributionTask(resolved)='2', distributionMethod(resolved)='<IDEDistributionMethodiOSAppStoreExport: 0x7fa849bd9810>', team(resolved)='<IDEProvisioningBasicTeam: 0x7fa83ecb9580; teamID='U79MRJWFL5', teamName='SENLAM TECHNOLOGY CO., LTD'>'>
	Chain (11, self inclusive):
	<IDEDistributionProcessingPipelineContext: 0x7fa83f9537e0; archive = '<IDEArchive: 0x7fa84ce76f70>', distributionMethod='<IDEDistributionMethodiOSAppStoreExport: 0x7fa849bd9810>', team='<IDEProvisioningBasicTeam: 0x7fa83ecb9580; teamID='U79MRJWFL5', teamName='SENLAM TECHNOLOGY CO., LTD'>'>
	<IDEDistributionProcessingPipelineContext: 0x7fa83bbdffe0; archive = '<IDEArchive: 0x7fa84ce76f70>', distributionMethod='<IDEDistributionMethodiOSAppStoreExport: 0x7fa849bd9810>', team='<IDEProvisioningBasicTeam: 0x7fa83ecb9580; teamID='U79MRJWFL5', teamName='SENLAM TECHNOLOGY CO., LTD'>'>
	<IDEDistributionContext: 0x7fa83ef446f0; archive = '<IDEArchive: 0x7fa84ce76f70>', distributionMethod='<IDEDistributionMethodiOSAppStoreExport: 0x7fa849bd9810>', team='<IDEProvisioningBasicTeam: 0x7fa83ecb9580; teamID='U79MRJWFL5', teamName='SENLAM TECHNOLOGY CO., LTD'>'>
	<IDEDistributionContext: 0x7fa83fcc12f0; archive = '<IDEArchive: 0x7fa84ce76f70>', distributionMethod='<IDEDistributionMethodiOSAppStoreExport: 0x7fa849bd9810>', team='<IDEProvisioningBasicTeam: 0x7fa83ecb9580; teamID='U79MRJWFL5', teamName='SENLAM TECHNOLOGY CO., LTD'>'>
	<IDEDistributionContext: 0x7fa83fcb9500; archive = '<IDEArchive: 0x7fa84ce76f70>', distributionMethod='<IDEDistributionMethodiOSAppStoreExport: 0x7fa849bd9810>', team='<IDEProvisioningBasicTeam: 0x7fa83ecb9580; teamID='U79MRJWFL5', teamName='SENLAM TECHNOLOGY CO., LTD'>'>
	<IDEDistributionContext: 0x7fa83f9534b0; archive = '<IDEArchive: 0x7fa84ce76f70>', distributionMethod='<IDEDistributionMethodiOSAppStoreExport: 0x7fa849bd9810>', team='<IDEProvisioningBasicTeam: 0x7fa83ecb9580; teamID='U79MRJWFL5', teamName='SENLAM TECHNOLOGY CO., LTD'>'>
	<IDEDistributionContext: 0x7fa83cbd0b10; archive = '<IDEArchive: 0x7fa84ce76f70>', distributionMethod='<IDEDistributionMethodiOSAppStoreExport: 0x7fa849bd9810>', team='<IDEProvisioningBasicTeam: 0x7fa83ecb9580; teamID='U79MRJWFL5', teamName='SENLAM TECHNOLOGY CO., LTD'>'>
	<IDEDistributionContext: 0x7fa83eb8cd40; archive = '<IDEArchive: 0x7fa84ce76f70>', distributionMethod='<IDEDistributionMethodiOSAppStoreExport: 0x7fa849bd9810>', team='<IDEProvisioningBasicTeam: 0x7fa83ecb9580; teamID='U79MRJWFL5', teamName='SENLAM TECHNOLOGY CO., LTD'>'>
	<IDEDistributionContext: 0x7fa83c9e9800; archive = '<IDEArchive: 0x7fa84ce76f70>', distributionMethod='<IDEDistributionMethodiOSAppStoreExport: 0x7fa849bd9810>', team='<IDEProvisioningBasicTeam: 0x7fa83ecb9580; teamID='U79MRJWFL5', teamName='SENLAM TECHNOLOGY CO., LTD'>'>
	<IDEDistributionContext: 0x7fa83ed6c3b0; archive = '<IDEArchive: 0x7fa84ce76f70>', distributionMethod='<IDEDistributionMethodiOSAppStoreExport: 0x7fa849bd9810>', team='(null)'>
	<IDEDistributionContext: 0x7fa83ed65530; archive = '<IDEArchive: 0x7fa84ce76f70>', distributionMethod='(null)', team='(null)'>
</IDEDistributionProcessingPipelineContext: 0x7fa83f9537e0>
2018-04-11 08:04:21 +0000  Processing step: IDEDistributionCreateDestRootStep
2018-04-11 08:04:21 +0000  Processing step: IDEDistributionCopyItemStep
2018-04-11 08:04:21 +0000  Running /usr/bin/ditto '-V' '/Users/Bani/Library/Developer/Xcode/Archives/2018-04-11/Spectre 2018-4-11, 3.56 PM.xcarchive/Products/Applications/Mec.app' '/var/folders/_8/56zvrpxx7fb0plklsx9n7y480000gn/T/XcodeDistPipeline.Pvh/Root/Payload/Mec.app'
2018-04-11 08:04:21 +0000  >>> Copying /Users/Bani/Library/Developer/Xcode/Archives/2018-04-11/Spectre 2018-4-11, 3.56 PM.xcarchive/Products/Applications/Mec.app 
2018-04-11 08:04:21 +0000  copying file ./step_circle_background@3x.png ... 
2018-04-11 08:04:21 +0000  15528 bytes for ./step_circle_background@3x.png
2018-04-11 08:04:21 +0000  copying file ./ActivitySleepMonthController.nib ... 
2018-04-11 08:04:21 +0000  6642 bytes for ./ActivitySleepMonthController.nib
2018-04-11 08:04:21 +0000  copying file ./HabitCell.nib ... 
2018-04-11 08:04:21 +0000  5077 bytes for ./HabitCell.nib
2018-04-11 08:04:21 +0000  copying file ./ActivityStepMonthController.nib ... 
2018-04-11 08:04:21 +0000  6735 bytes for ./ActivityStepMonthController.nib
2018-04-11 08:04:21 +0000  copying file ./_CodeSignature/CodeResources ... 
2018-04-11 08:04:21 +0000  170087 bytes for ./_CodeSignature/CodeResources
2018-04-11 08:04:21 +0000  copying file ./music_icon@3x.png ... 
2018-04-11 08:04:21 +0000  2340 bytes for ./music_icon@3x.png
copying file ./Helvetica LT 43 Light Extended.ttf ... 
2018-04-11 08:04:21 +0000  39820 bytes for ./Helvetica LT 43 Light Extended.ttf
2018-04-11 08:04:21 +0000  copying file ./function_select_icon@3x.png ... 
2018-04-11 08:04:21 +0000  758 bytes for ./function_select_icon@3x.png
copying file ./fw_update_ui@3x.png ... 
2018-04-11 08:04:21 +0000  47740 bytes for ./fw_update_ui@3x.png
2018-04-11 08:04:21 +0000  copying file ./EditTimeController.nib ... 
2018-04-11 08:04:21 +0000  13321 bytes for ./EditTimeController.nib
2018-04-11 08:04:21 +0000  copying file ./Select_REV_watch@2x.png ... 
2018-04-11 08:04:21 +0000  68119 bytes for ./Select_REV_watch@2x.png
2018-04-11 08:04:21 +0000  copying file ./unit_off_icon@2x.png ... 
2018-04-11 08:04:21 +0000  3008 bytes for ./unit_off_icon@2x.png
2018-04-11 08:04:21 +0000  copying file ./ContactController.nib ... 
2018-04-11 08:04:21 +0000  9723 bytes for ./ContactController.nib
2018-04-11 08:04:21 +0000  copying file ./TimeZoneController.nib ... 
2018-04-11 08:04:21 +0000  7097 bytes for ./TimeZoneController.nib
2018-04-11 08:04:21 +0000  copying file ./icon_battery_50@2x.png ... 
2018-04-11 08:04:21 +0000  522 bytes for ./icon_battery_50@2x.png
copying file ./help_account_PT.png ... 
2018-04-11 08:04:21 +0000  49400 bytes for ./help_account_PT.png
copying file ./revolve_activity_100@3x.png ... 
2018-04-11 08:04:21 +0000  29250 bytes for ./revolve_activity_100@3x.png
copying file ./girl_icon_select@3x.png ... 
2018-04-11 08:04:21 +0000  3133 bytes for ./girl_icon_select@3x.png
copying file ./menu-button.png ... 
2018-04-11 08:04:21 +0000  186 bytes for ./menu-button.png
copying file ./REV_IPS_step_W_background@3x.png ... 
2018-04-11 08:04:21 +0000  2644709 bytes for ./REV_IPS_step_W_background@3x.png
copying file ./Helvetica LT 33 Thin Extended Oblique.ttf ... 
2018-04-11 08:04:21 +0000  40508 bytes for ./Helvetica LT 33 Thin Extended Oblique.ttf
2018-04-11 08:04:21 +0000  copying file ./small_clock@2x.png ... 
2018-04-11 08:04:21 +0000  5603 bytes for ./small_clock@2x.png
copying file ./time_select@2x.png ... 
2018-04-11 08:04:21 +0000  4485 bytes for ./time_select@2x.png
2018-04-11 08:04:21 +0000  copying file ./first_time_logo_background@3x.png ... 
2018-04-11 08:04:21 +0000  994068 bytes for ./first_time_logo_background@3x.png
2018-04-11 08:04:21 +0000  copying file ./habit@2x.png ... 
2018-04-11 08:04:21 +0000  35017 bytes for ./habit@2x.png
copying file ./second_time_zone_cancel@3x.png ... 
2018-04-11 08:04:21 +0000  418 bytes for ./second_time_zone_cancel@3x.png
2018-04-11 08:04:21 +0000  copying file ./item_off_icon@2x.png ... 
2018-04-11 08:04:21 +0000  2119 bytes for ./item_off_icon@2x.png
2018-04-11 08:04:21 +0000  copying file ./line_partition_slected@2x.png ... 
2018-04-11 08:04:21 +0000  604 bytes for ./line_partition_slected@2x.png
2018-04-11 08:04:21 +0000  copying file ./battery100@3x.png ... 
2018-04-11 08:04:21 +0000  351 bytes for ./battery100@3x.png
copying file ./run_goal_line@3x.png ... 
2018-04-11 08:04:21 +0000  174 bytes for ./run_goal_line@3x.png
copying file ./second_time_zone_icon@3x.png ... 
2018-04-11 08:04:21 +0000  963 bytes for ./second_time_zone_icon@3x.png
2018-04-11 08:04:21 +0000  copying file ./battery00@2x.png ... 
2018-04-11 08:04:21 +0000  529 bytes for ./battery00@2x.png
copying file ./es.strings ... 
2018-04-11 08:04:21 +0000  16874 bytes for ./es.strings
copying file ./AppIcon20x20@2x.png ... 
2018-04-11 08:04:21 +0000  2715 bytes for ./AppIcon20x20@2x.png
2018-04-11 08:04:21 +0000  copying file ./Helvetica LT 36 Thin Italic.ttf ... 
2018-04-11 08:04:21 +0000  48244 bytes for ./Helvetica LT 36 Thin Italic.ttf
copying file ./Revolution_connect_now01@2x.png ... 
2018-04-11 08:04:21 +0000  169930 bytes for ./Revolution_connect_now01@2x.png
2018-04-11 08:04:21 +0000  copying file ./help_account_de.png ... 
2018-04-11 08:04:21 +0000  72394 bytes for ./help_account_de.png
2018-04-11 08:04:21 +0000  copying file ./setting_icon@3x.png ... 
2018-04-11 08:04:21 +0000  1058 bytes for ./setting_icon@3x.png
2018-04-11 08:04:21 +0000  copying file ./Select_IPS_watch@2x.png ... 
2018-04-11 08:04:21 +0000  75395 bytes for ./Select_IPS_watch@2x.png
2018-04-11 08:04:21 +0000  copying file ./impulse_time_adjust@3x.png ... 
2018-04-11 08:04:21 +0000  229698 bytes for ./impulse_time_adjust@3x.png
2018-04-11 08:04:21 +0000  copying file ./time_zone_icon@3x.png ... 
2018-04-11 08:04:21 +0000  993 bytes for ./time_zone_icon@3x.png
2018-04-11 08:04:21 +0000  copying file ./ActivityStepWeekController.nib ... 
2018-04-11 08:04:21 +0000  15878 bytes for ./ActivityStepWeekController.nib
copying file ./chs.strings ... 
2018-04-11 08:04:21 +0000  13875 bytes for ./chs.strings
2018-04-11 08:04:21 +0000  copying file ./impulse_daily_alarm@3x.png ... 
2018-04-11 08:04:21 +0000  719800 bytes for ./impulse_daily_alarm@3x.png
2018-04-11 08:04:21 +0000  copying file ./time_adjust_time_icon_ui@3x.png ... 
2018-04-11 08:04:21 +0000  669 bytes for ./time_adjust_time_icon_ui@3x.png
copying file ./photo_area02@3x.png ... 
2018-04-11 08:04:21 +0000  6304 bytes for ./photo_area02@3x.png
2018-04-11 08:04:21 +0000  copying file ./btn_forward_nor@2x.png ... 
2018-04-11 08:04:21 +0000  741 bytes for ./btn_forward_nor@2x.png
copying file ./camera_icon@3x.png ... 
2018-04-11 08:04:21 +0000  3590 bytes for ./camera_icon@3x.png
2018-04-11 08:04:21 +0000  copying file ./REV_IPS_sleep_background@3x.png ... 
2018-04-11 08:04:21 +0000  1256575 bytes for ./REV_IPS_sleep_background@3x.png
2018-04-11 08:04:21 +0000  copying file ./icon_battery_activity_25@2x.png ... 
2018-04-11 08:04:21 +0000  527 bytes for ./icon_battery_activity_25@2x.png
copying file ./SpecialFeatureController.nib ... 
2018-04-11 08:04:21 +0000  14313 bytes for ./SpecialFeatureController.nib
2018-04-11 08:04:21 +0000  copying file ./AppIcon57x57.png ... 
2018-04-11 08:04:21 +0000  3794 bytes for ./AppIcon57x57.png
copying file ./menu_icon@2x.png ... 
2018-04-11 08:04:21 +0000  515 bytes for ./menu_icon@2x.png
copying file ./speccial_music@3x.png ... 
2018-04-11 08:04:21 +0000  1639567 bytes for ./speccial_music@3x.png
2018-04-11 08:04:21 +0000  copying file ./UpdateFirmwareController.nib ... 
2018-04-11 08:04:21 +0000  7873 bytes for ./UpdateFirmwareController.nib
2018-04-11 08:04:21 +0000  copying file ./Basic_connect_now_wave@2x.png ... 
2018-04-11 08:04:21 +0000  2801 bytes for ./Basic_connect_now_wave@2x.png
copying file ./weight_circle_icon05@2x.png ... 
2018-04-11 08:04:21 +0000  32917 bytes for ./weight_circle_icon05@2x.png
copying file ./about_icon@2x.png ... 
2018-04-11 08:04:21 +0000  2378 bytes for ./about_icon@2x.png
2018-04-11 08:04:21 +0000  copying file ./step_time_icon@3x.png ... 
2018-04-11 08:04:21 +0000  2313 bytes for ./step_time_icon@3x.png
2018-04-11 08:04:21 +0000  copying file ./fw_icon@2x.png ... 
2018-04-11 08:04:21 +0000  97087 bytes for ./fw_icon@2x.png
2018-04-11 08:04:21 +0000  copying file ./set_unit_letf@3x.png ... 
2018-04-11 08:04:21 +0000  1893 bytes for ./set_unit_letf@3x.png
2018-04-11 08:04:21 +0000  copying file ./time_sync_circle@3x.png ... 
2018-04-11 08:04:21 +0000  3719 bytes for ./time_sync_circle@3x.png
copying file ./high_circle_icon05@3x.png ... 
2018-04-11 08:04:21 +0000  12008 bytes for ./high_circle_icon05@3x.png
copying file ./SelectWatchController.nib ... 
2018-04-11 08:04:21 +0000  10073 bytes for ./SelectWatchController.nib
copying file ./set_step_goal_title@3x.png ... 
2018-04-11 08:04:21 +0000  1099 bytes for ./set_step_goal_title@3x.png
2018-04-11 08:04:21 +0000  copying file ./SetGoalController.nib ... 
2018-04-11 08:04:21 +0000  5246 bytes for ./SetGoalController.nib
copying file ./Basic_connect_now02@2x.png ... 
2018-04-11 08:04:21 +0000  110526 bytes for ./Basic_connect_now02@2x.png
copying file ./SettingController.nib ... 
2018-04-11 08:04:21 +0000  21207 bytes for ./SettingController.nib
copying file ./ru.strings ... 
2018-04-11 08:04:21 +0000  34991 bytes for ./ru.strings
2018-04-11 08:04:21 +0000  copying file ./Basic_connect_now02@3x.png ... 
2018-04-11 08:04:21 +0000  209922 bytes for ./Basic_connect_now02@3x.png
2018-04-11 08:04:21 +0000  copying file ./ActivityFunctionController.nib ... 
2018-04-11 08:04:21 +0000  7191 bytes for ./ActivityFunctionController.nib
2018-04-11 08:04:21 +0000  copying file ./set_step_goal_title@2x.png ... 
2018-04-11 08:04:21 +0000  1102 bytes for ./set_step_goal_title@2x.png
copying file ./fw_icon@3x.png ... 
2018-04-11 08:04:21 +0000  47533 bytes for ./fw_icon@3x.png
2018-04-11 08:04:21 +0000  copying file ./set_unit_letf@2x.png ... 
2018-04-11 08:04:21 +0000  2071 bytes for ./set_unit_letf@2x.png
copying file ./time_sync_circle@2x.png ... 
2018-04-11 08:04:21 +0000  6880 bytes for ./time_sync_circle@2x.png
copying file ./high_circle_icon05@2x.png ... 
2018-04-11 08:04:21 +0000  21031 bytes for ./high_circle_icon05@2x.png
copying file ./weight_circle_icon05@3x.png ... 
2018-04-11 08:04:21 +0000  21751 bytes for ./weight_circle_icon05@3x.png
copying file ./about_icon@3x.png ... 
2018-04-11 08:04:21 +0000  1493 bytes for ./about_icon@3x.png
2018-04-11 08:04:21 +0000  copying file ./step_time_icon@2x.png ... 
2018-04-11 08:04:21 +0000  3850 bytes for ./step_time_icon@2x.png
copying file ./help_account_ES.png ... 
2018-04-11 08:04:21 +0000  46599 bytes for ./help_account_ES.png
2018-04-11 08:04:21 +0000  copying file ./speccial_music@2x.png ... 
2018-04-11 08:04:21 +0000  786282 bytes for ./speccial_music@2x.png
copying file ./menu_icon@3x.png ... 
2018-04-11 08:04:21 +0000  382 bytes for ./menu_icon@3x.png
copying file ./Basic_connect_now_wave@3x.png ... 
2018-04-11 08:04:21 +0000  2188 bytes for ./Basic_connect_now_wave@3x.png
copying file ./camera_icon@2x.png ... 
2018-04-11 08:04:21 +0000  6290 bytes for ./camera_icon@2x.png
copying file ./REV_IPS_sleep_background@2x.png ... 
2018-04-11 08:04:21 +0000  807579 bytes for ./REV_IPS_sleep_background@2x.png
copying file ./icon_battery_activity_25@3x.png ... 
2018-04-11 08:04:21 +0000  658 bytes for ./icon_battery_activity_25@3x.png
2018-04-11 08:04:21 +0000  copying file ./photo_area02@2x.png ... 
2018-04-11 08:04:21 +0000  13225 bytes for ./photo_area02@2x.png
copying file ./btn_forward_nor@3x.png ... 
2018-04-11 08:04:21 +0000  1238 bytes for ./btn_forward_nor@3x.png
2018-04-11 08:04:21 +0000  copying file ./EmptyTimeZoneController.nib ... 
2018-04-11 08:04:21 +0000  7126 bytes for ./EmptyTimeZoneController.nib
2018-04-11 08:04:21 +0000  copying file ./time_adjust_time_icon_ui@2x.png ... 
2018-04-11 08:04:21 +0000  1027 bytes for ./time_adjust_time_icon_ui@2x.png
2018-04-11 08:04:21 +0000  copying file ./SpCell.nib ... 
2018-04-11 08:04:21 +0000  4767 bytes for ./SpCell.nib
2018-04-11 08:04:21 +0000  copying file ./impulse_daily_alarm@2x.png ... 
2018-04-11 08:04:21 +0000  330321 bytes for ./impulse_daily_alarm@2x.png
2018-04-11 08:04:21 +0000  copying file ./time_zone_icon@2x.png ... 
2018-04-11 08:04:21 +0000  1297 bytes for ./time_zone_icon@2x.png
copying file ./Select_IPS_watch@3x.png ... 
2018-04-11 08:04:21 +0000  147964 bytes for ./Select_IPS_watch@3x.png
copying file ./impulse_time_adjust@2x.png ... 
2018-04-11 08:04:21 +0000  121970 bytes for ./impulse_time_adjust@2x.png
2018-04-11 08:04:21 +0000  copying file ./setting_icon@2x.png ... 
2018-04-11 08:04:21 +0000  1493 bytes for ./setting_icon@2x.png
2018-04-11 08:04:21 +0000  copying file ./Helvetica LT 25 Ultra Light.ttf ... 
2018-04-11 08:04:21 +0000  48480 bytes for ./Helvetica LT 25 Ultra Light.ttf
copying file ./AppIcon20x20@3x.png ... 
2018-04-11 08:04:21 +0000  4075 bytes for ./AppIcon20x20@3x.png
2018-04-11 08:04:21 +0000  copying file ./Revolution_connect_now01@3x.png ... 
2018-04-11 08:04:21 +0000  336385 bytes for ./Revolution_connect_now01@3x.png
2018-04-11 08:04:21 +0000  copying file ./second_time_zone_icon@2x.png ... 
2018-04-11 08:04:21 +0000  1590 bytes for ./second_time_zone_icon@2x.png
copying file ./battery00@3x.png ... 
2018-04-11 08:04:21 +0000  297 bytes for ./battery00@3x.png
2018-04-11 08:04:21 +0000  copying file ./line_partition_slected@3x.png ... 
2018-04-11 08:04:21 +0000  863 bytes for ./line_partition_slected@3x.png
2018-04-11 08:04:21 +0000  copying file ./battery100@2x.png ... 
2018-04-11 08:04:21 +0000  1039 bytes for ./battery100@2x.png
2018-04-11 08:04:21 +0000  copying file ./run_goal_line@2x.png ... 
2018-04-11 08:04:21 +0000  185 bytes for ./run_goal_line@2x.png
2018-04-11 08:04:21 +0000  copying file ./SettingCell.nib ... 
2018-04-11 08:04:21 +0000  5405 bytes for ./SettingCell.nib
copying file ./item_off_icon@3x.png ... 
2018-04-11 08:04:21 +0000  1204 bytes for ./item_off_icon@3x.png
copying file ./first_time_logo_background@2x.png ... 
2018-04-11 08:04:21 +0000  730480 bytes for ./first_time_logo_background@2x.png
copying file ./second_time_zone_cancel@2x.png ... 
2018-04-11 08:04:21 +0000  900 bytes for ./second_time_zone_cancel@2x.png
copying file ./small_clock@3x.png ... 
2018-04-11 08:04:21 +0000  3360 bytes for ./small_clock@3x.png
copying file ./time_select@3x.png ... 
2018-04-11 08:04:21 +0000  3938 bytes for ./time_select@3x.png
copying file ./REV_IPS_step_W_background@2x.png ... 
2018-04-11 08:04:21 +0000  1221520 bytes for ./REV_IPS_step_W_background@2x.png
copying file ./revolve_activity_100@2x.png ... 
2018-04-11 08:04:21 +0000  16291 bytes for ./revolve_activity_100@2x.png
copying file ./girl_icon_select@2x.png ... 
2018-04-11 08:04:21 +0000  4064 bytes for ./girl_icon_select@2x.png
2018-04-11 08:04:21 +0000  copying file ./icon_battery_50@3x.png ... 
2018-04-11 08:04:21 +0000  648 bytes for ./icon_battery_50@3x.png
copying file ./help_account_SK.png ... 
2018-04-11 08:04:21 +0000  45435 bytes for ./help_account_SK.png
copying file ./unit_off_icon@3x.png ... 
2018-04-11 08:04:21 +0000  3097 bytes for ./unit_off_icon@3x.png
2018-04-11 08:04:21 +0000  copying file ./ga.strings ... 
2018-04-11 08:04:21 +0000  13652 bytes for ./ga.strings
copying file ./GoConnectController.nib ... 
2018-04-11 08:04:21 +0000  5195 bytes for ./GoConnectController.nib
copying file ./MovingHabitController.nib ... 
2018-04-11 08:04:21 +0000  9583 bytes for ./MovingHabitController.nib
copying file ./TimeSettingController.nib ... 
2018-04-11 08:04:21 +0000  10165 bytes for ./TimeSettingController.nib
copying file ./Select_REV_watch@3x.png ... 
2018-04-11 08:04:21 +0000  135209 bytes for ./Select_REV_watch@3x.png
copying file ./fw_update_ui@2x.png ... 
46438 bytes for ./fw_update_ui@2x.png
2018-04-11 08:04:21 +0000  copying file ./music_icon@2x.png ... 
2018-04-11 08:04:21 +0000  4521 bytes for ./music_icon@2x.png
2018-04-11 08:04:21 +0000  copying file ./function_select_icon@2x.png ... 
2018-04-11 08:04:21 +0000  1044 bytes for ./function_select_icon@2x.png
2018-04-11 08:04:21 +0000  copying file ./step_circle_background@2x.png ... 
2018-04-11 08:04:21 +0000  27064 bytes for ./step_circle_background@2x.png
2018-04-11 08:04:21 +0000  copying file ./nl.strings ... 
2018-04-11 08:04:21 +0000  14759 bytes for ./nl.strings
copying file ./date_select_left_icon@3x.png ... 
2018-04-11 08:04:21 +0000  314 bytes for ./date_select_left_icon@3x.png
copying file ./REV_IPS_sleep_W_background@2x.png ... 
2018-04-11 08:04:21 +0000  1254181 bytes for ./REV_IPS_sleep_W_background@2x.png
2018-04-11 08:04:21 +0000  copying file ./Helvetica LT 23 Ultra Light Extended Oblique.ttf ... 
2018-04-11 08:04:21 +0000  40464 bytes for ./Helvetica LT 23 Ultra Light Extended Oblique.ttf
2018-04-11 08:04:21 +0000  copying file ./Helvetica LT 33 Thin Extended.ttf ... 
2018-04-11 08:04:21 +0000  40000 bytes for ./Helvetica LT 33 Thin Extended.ttf
copying file ./line_partition_rungoal@2x.png ... 
2018-04-11 08:04:21 +0000  948 bytes for ./line_partition_rungoal@2x.png
2018-04-11 08:04:21 +0000  copying file ./check_icon@3x.png ... 
2018-04-11 08:04:21 +0000  449 bytes for ./check_icon@3x.png
copying file ./right_icon @2x.png ... 
2018-04-11 08:04:21 +0000  2191 bytes for ./right_icon @2x.png
2018-04-11 08:04:21 +0000  copying file ./run_time_icon@2x.png ... 
2018-04-11 08:04:21 +0000  3861 bytes for ./run_time_icon@2x.png
2018-04-11 08:04:21 +0000  copying file ./Renew_icon@2x.png ... 
2018-04-11 08:04:21 +0000  785 bytes for ./Renew_icon@2x.png
2018-04-11 08:04:21 +0000  copying file ./goal_icon_black@3x.png ... 
2018-04-11 08:04:21 +0000  1436 bytes for ./goal_icon_black@3x.png
copying file ./de.strings ... 
2018-04-11 08:04:21 +0000  31333 bytes for ./de.strings
2018-04-11 08:04:21 +0000  copying file ./Spectre.momd/Spectre_2.omo ... 
2018-04-11 08:04:21 +0000  4896 bytes for ./Spectre.momd/Spectre_2.omo
copying file ./Spectre.momd/VersionInfo.plist ... 
2018-04-11 08:04:21 +0000  252 bytes for ./Spectre.momd/VersionInfo.plist
2018-04-11 08:04:21 +0000  copying file ./Spectre.momd/Spectre.mom ... 
2018-04-11 08:04:21 +0000  2054 bytes for ./Spectre.momd/Spectre.mom
2018-04-11 08:04:21 +0000  copying file ./Spectre.momd/Spectre_2.mom ... 
2018-04-11 08:04:21 +0000  2871 bytes for ./Spectre.momd/Spectre_2.mom
2018-04-11 08:04:21 +0000  copying file ./battery75@3x.png ... 
2018-04-11 08:04:21 +0000  339 bytes for ./battery75@3x.png
2018-04-11 08:04:21 +0000  copying file ./ips_setting_ui02@3x.png ... 
2018-04-11 08:04:21 +0000  1793619 bytes for ./ips_setting_ui02@3x.png
copying file ./high_circle_icon03@3x.png ... 
2018-04-11 08:04:21 +0000  12076 bytes for ./high_circle_icon03@3x.png
copying file ./time_sync_circle_gary@2x.png ... 
2018-04-11 08:04:21 +0000  6720 bytes for ./time_sync_circle_gary@2x.png
2018-04-11 08:04:21 +0000  copying file ./weight_circle_icon03@2x.png ... 
2018-04-11 08:04:21 +0000  32872 bytes for ./weight_circle_icon03@2x.png
copying file ./RegisterControllerTall.nib ... 
2018-04-11 08:04:21 +0000  8466 bytes for ./RegisterControllerTall.nib
2018-04-11 08:04:21 +0000  copying file ./AppIcon60x60@2x.png ... 
2018-04-11 08:04:21 +0000  9371 bytes for ./AppIcon60x60@2x.png
2018-04-11 08:04:21 +0000  copying file ./activity_title_icon@3x.png ... 
2018-04-11 08:04:21 +0000  388 bytes for ./activity_title_icon@3x.png
copying file ./Luanch0Controller.nib ... 
2018-04-11 08:04:21 +0000  2156 bytes for ./Luanch0Controller.nib
2018-04-11 08:04:21 +0000  copying file ./Impulse_connect_now02@2x.png ... 
2018-04-11 08:04:21 +0000  168770 bytes for ./Impulse_connect_now02@2x.png
2018-04-11 08:04:21 +0000  copying file ./ActivityStepPlusController.nib ... 
2018-04-11 08:04:21 +0000  10038 bytes for ./ActivityStepPlusController.nib
2018-04-11 08:04:21 +0000  copying file ./ActivitySleepController.nib ... 
2018-04-11 08:04:21 +0000  16443 bytes for ./ActivitySleepController.nib
2018-04-11 08:04:21 +0000  copying file ./notification@3x.png ... 
2018-04-11 08:04:21 +0000  1288 bytes for ./notification@3x.png
2018-04-11 08:04:21 +0000  copying file ./EditWatchController.nib ... 
2018-04-11 08:04:21 +0000  4789 bytes for ./EditWatchController.nib
2018-04-11 08:04:21 +0000  copying file ./moving_reminder_icon@3x.png ... 
2018-04-11 08:04:21 +0000  374 bytes for ./moving_reminder_icon@3x.png
2018-04-11 08:04:21 +0000  copying file ./icon_battery_100@3x.png ... 
2018-04-11 08:04:21 +0000  718 bytes for ./icon_battery_100@3x.png
copying file ./weight_circle_icon01@3x.png ... 
2018-04-11 08:04:21 +0000  22026 bytes for ./weight_circle_icon01@3x.png
2018-04-11 08:04:21 +0000  copying file ./coil_white_coil@3x.png ... 
2018-04-11 08:04:21 +0000  8919 bytes for ./coil_white_coil@3x.png
2018-04-11 08:04:21 +0000  copying file ./icon_battery_activity_50@3x.png ... 
2018-04-11 08:04:21 +0000  694 bytes for ./icon_battery_activity_50@3x.png
copying file ./girl_icon_white@3x.png ... 
2018-04-11 08:04:21 +0000  3781 bytes for ./girl_icon_white@3x.png
2018-04-11 08:04:21 +0000  copying file ./high_circle_icon01@2x.png ... 
2018-04-11 08:04:21 +0000  20979 bytes for ./high_circle_icon01@2x.png
2018-04-11 08:04:21 +0000  copying file ./AppIcon29x29@2x.png ... 
2018-04-11 08:04:21 +0000  3970 bytes for ./AppIcon29x29@2x.png
2018-04-11 08:04:21 +0000  copying file ./daily_alarm_icon@2x.png ... 
2018-04-11 08:04:21 +0000  956 bytes for ./daily_alarm_icon@2x.png
2018-04-11 08:04:21 +0000  copying file ./REV_IPS_step_background@2x.png ... 
2018-04-11 08:04:21 +0000  1222413 bytes for ./REV_IPS_step_background@2x.png
2018-04-11 08:04:21 +0000  copying file ./btn_back_nor@3x.png ... 
2018-04-11 08:04:21 +0000  1276 bytes for ./btn_back_nor@3x.png
copying file ./special_select_icon@2x.png ... 
2018-04-11 08:04:21 +0000  477 bytes for ./special_select_icon@2x.png
2018-04-11 08:04:21 +0000  copying file ./reload@2x.png ... 
2018-04-11 08:04:21 +0000  1800 bytes for ./reload@2x.png
2018-04-11 08:04:21 +0000  copying file ./time_sync_logo@2x.png ... 
2018-04-11 08:04:21 +0000  5941 bytes for ./time_sync_logo@2x.png
copying file ./step_goal_line@2x.png ... 
2018-04-11 08:04:21 +0000  180 bytes for ./step_goal_line@2x.png
copying file ./icon_battery_25@3x.png ... 
2018-04-11 08:04:21 +0000  609 bytes for ./icon_battery_25@3x.png
2018-04-11 08:04:21 +0000  copying file ./button_cancel@3x.png ... 
2018-04-11 08:04:21 +0000  2067 bytes for ./button_cancel@3x.png
2018-04-11 08:04:21 +0000  copying file ./connected_icon@2x.png ... 
498 bytes for ./connected_icon@2x.png
copying file ./ActivityRunController.nib ... 
2018-04-11 08:04:21 +0000  15685 bytes for ./ActivityRunController.nib
copying file ./vibration_icon @2x.png ... 
2018-04-11 08:04:21 +0000  1375 bytes for ./vibration_icon @2x.png
2018-04-11 08:04:21 +0000  copying file ./speccial_camera@3x.png ... 
2018-04-11 08:04:21 +0000  1561365 bytes for ./speccial_camera@3x.png
copying file ./second_time_find_title_black@3x.png ... 
2018-04-11 08:04:21 +0000  751 bytes for ./second_time_find_title_black@3x.png
copying file ./my_watch@3x.png ... 
2018-04-11 08:04:21 +0000  896 bytes for ./my_watch@3x.png
2018-04-11 08:04:21 +0000  copying file ./SetRunGoalController.nib ... 
2018-04-11 08:04:21 +0000  11510 bytes for ./SetRunGoalController.nib
copying file ./reurn_button_icon_white@2x.png ... 
2018-04-11 08:04:21 +0000  604 bytes for ./reurn_button_icon_white@2x.png
2018-04-11 08:04:21 +0000  copying file ./find_my_phone_icon@2x.png ... 
2018-04-11 08:04:21 +0000  3043 bytes for ./find_my_phone_icon@2x.png
2018-04-11 08:04:21 +0000  copying file ./impulse_time_time_zone@3x.png ... 
2018-04-11 08:04:21 +0000  55824 bytes for ./impulse_time_time_zone@3x.png
copying file ./website@2x.png ... 
2277 bytes for ./website@2x.png
copying file ./AppIcon40x40@3x.png ... 
2018-04-11 08:04:21 +0000  9371 bytes for ./AppIcon40x40@3x.png
copying file ./SetTimeZoneController.nib ... 
2018-04-11 08:04:21 +0000  4866 bytes for ./SetTimeZoneController.nib
2018-04-11 08:04:21 +0000  copying file ./MyProfileController.nib ... 
2018-04-11 08:04:21 +0000  15828 bytes for ./MyProfileController.nib
copying file ./NotificationController.nib ... 
2018-04-11 08:04:21 +0000  2874 bytes for ./NotificationController.nib
2018-04-11 08:04:21 +0000  copying file ./coil_orange_coil@3x.png ... 
2018-04-11 08:04:21 +0000  9938 bytes for ./coil_orange_coil@3x.png
copying file ./sleep_circle_color@2x.png ... 
2018-04-11 08:04:21 +0000  31256 bytes for ./sleep_circle_color@2x.png
2018-04-11 08:04:21 +0000  copying file ./calls_icon@3x.png ... 
2018-04-11 08:04:21 +0000  1103 bytes for ./calls_icon@3x.png
2018-04-11 08:04:21 +0000  copying file ./icon_alert@3x.png ... 
2018-04-11 08:04:21 +0000  3186 bytes for ./icon_alert@3x.png
copying file ./setting@2x.png ... 
2018-04-11 08:04:21 +0000  2554 bytes for ./setting@2x.png
2018-04-11 08:04:21 +0000  copying file ./AppIcon57x57@2x.png ... 
2018-04-11 08:04:21 +0000  8584 bytes for ./AppIcon57x57@2x.png
2018-04-11 08:04:21 +0000  copying file ./setting_icon_white@3X.png ... 
2018-04-11 08:04:21 +0000  1050 bytes for ./setting_icon_white@3X.png
copying file ./impulse_time_time_zone_clock@2x.png ... 
2018-04-11 08:04:21 +0000  30285 bytes for ./impulse_time_time_zone_clock@2x.png
2018-04-11 08:04:21 +0000  copying file ./daily_alarm_cross@3x.png ... 
2018-04-11 08:04:21 +0000  451 bytes for ./daily_alarm_cross@3x.png
copying file ./special_noselect_icon@3x.png ... 
2018-04-11 08:04:21 +0000  364 bytes for ./special_noselect_icon@3x.png
copying file ./moving_remonder_button@2x.png ... 
2018-04-11 08:04:21 +0000  28774 bytes for ./moving_remonder_button@2x.png
copying file ./icon_battery_activity_100@2x.png ... 
2018-04-11 08:04:21 +0000  657 bytes for ./icon_battery_activity_100@2x.png
2018-04-11 08:04:21 +0000  copying file ./main_menu_area@3x.png ... 
2018-04-11 08:04:21 +0000  3838 bytes for ./main_menu_area@3x.png
copying file ./line_input_accout@2x.png ... 
2018-04-11 08:04:21 +0000  1946 bytes for ./line_input_accout@2x.png
2018-04-11 08:04:21 +0000  copying file ./icon_battery_activity_100@3x.png ... 
2018-04-11 08:04:21 +0000  780 bytes for ./icon_battery_activity_100@3x.png
copying file ./main_menu_area@2x.png ... 
2018-04-11 08:04:21 +0000  2467 bytes for ./main_menu_area@2x.png
2018-04-11 08:04:21 +0000  copying file ./line_input_accout@3x.png ... 
2018-04-11 08:04:21 +0000  2582 bytes for ./line_input_accout@3x.png
2018-04-11 08:04:21 +0000  copying file ./SetRunTDController.nib ... 
2018-04-11 08:04:21 +0000  5243 bytes for ./SetRunTDController.nib
copying file ./impulse_time_time_zone_clock@3x.png ... 
2018-04-11 08:04:21 +0000  44241 bytes for ./impulse_time_time_zone_clock@3x.png
2018-04-11 08:04:21 +0000  copying file ./daily_alarm_cross@2x.png ... 
2018-04-11 08:04:21 +0000  401 bytes for ./daily_alarm_cross@2x.png
2018-04-11 08:04:21 +0000  copying file ./special_noselect_icon@2x.png ... 
2018-04-11 08:04:21 +0000  474 bytes for ./special_noselect_icon@2x.png
2018-04-11 08:04:21 +0000  copying file ./moving_remonder_button@3x.png ... 
2018-04-11 08:04:21 +0000  12041 bytes for ./moving_remonder_button@3x.png
2018-04-11 08:04:21 +0000  copying file ./right_icon@3x.png ... 
2018-04-11 08:04:21 +0000  1184 bytes for ./right_icon@3x.png
copying file ./setting_icon_white@2x.png ... 
2018-04-11 08:04:21 +0000  1597 bytes for ./setting_icon_white@2x.png
copying file ./icon_alert@2x.png ... 
2018-04-11 08:04:21 +0000  1854 bytes for ./icon_alert@2x.png
2018-04-11 08:04:21 +0000  copying file ./setting@3x.png ... 
2018-04-11 08:04:21 +0000  1797 bytes for ./setting@3x.png
copying file ./sleep_circle_color@3x.png ... 
2018-04-11 08:04:21 +0000  15804 bytes for ./sleep_circle_color@3x.png
copying file ./calls_icon@2x.png ... 
2018-04-11 08:04:21 +0000  1322 bytes for ./calls_icon@2x.png
copying file ./MEC_APP.mp4 ... 
2018-04-11 08:04:21 +0000  1681698 bytes for ./MEC_APP.mp4
2018-04-11 08:04:21 +0000  copying file ./website@3x.png ... 
2018-04-11 08:04:21 +0000  1943 bytes for ./website@3x.png
copying file ./AppIcon40x40@2x.png ... 
2018-04-11 08:04:21 +0000  6391 bytes for ./AppIcon40x40@2x.png
copying file ./de_ch.strings ... 
2018-04-11 08:04:21 +0000  30416 bytes for ./de_ch.strings
copying file ./coil_orange_coil@2x.png ... 
2018-04-11 08:04:21 +0000  5666 bytes for ./coil_orange_coil@2x.png
copying file ./Helvetica LT 37 Thin Condensed Oblique.ttf ... 
2018-04-11 08:04:21 +0000  40196 bytes for ./Helvetica LT 37 Thin Condensed Oblique.ttf
copying file ./SetAlarmController.nib ... 
2018-04-11 08:04:21 +0000  15237 bytes for ./SetAlarmController.nib
2018-04-11 08:04:21 +0000  copying file ./find_my_phone_icon@3x.png ... 
2018-04-11 08:04:21 +0000  2141 bytes for ./find_my_phone_icon@3x.png
2018-04-11 08:04:21 +0000  copying file ./eng.strings ... 
2018-04-11 08:04:21 +0000  24070 bytes for ./eng.strings
2018-04-11 08:04:21 +0000  copying file ./impulse_time_time_zone@2x.png ... 
2018-04-11 08:04:21 +0000  47550 bytes for ./impulse_time_time_zone@2x.png
2018-04-11 08:04:21 +0000  copying file ./reurn_button_icon_white@3x.png ... 
2018-04-11 08:04:21 +0000  485 bytes for ./reurn_button_icon_white@3x.png
2018-04-11 08:04:21 +0000  copying file ./my_watch@2x.png ... 
2018-04-11 08:04:21 +0000  1026 bytes for ./my_watch@2x.png
copying file ./ChangeWatchController.nib ... 
2018-04-11 08:04:21 +0000  7430 bytes for ./ChangeWatchController.nib
copying file ./speccial_camera@2x.png ... 
2018-04-11 08:04:21 +0000  779342 bytes for ./speccial_camera@2x.png
2018-04-11 08:04:21 +0000  copying file ./second_time_find_title_black@2x.png ... 
2018-04-11 08:04:21 +0000  1456 bytes for ./second_time_find_title_black@2x.png
2018-04-11 08:04:21 +0000  copying file ./connected_icon@3x.png ... 
2018-04-11 08:04:21 +0000  435 bytes for ./connected_icon@3x.png
2018-04-11 08:04:21 +0000  copying file ./time_sync_logo@3x.png ... 
2018-04-11 08:04:21 +0000  4021 bytes for ./time_sync_logo@3x.png
copying file ./icon_battery_25@2x.png ... 
2018-04-11 08:04:21 +0000  479 bytes for ./icon_battery_25@2x.png
2018-04-11 08:04:21 +0000  copying file ./step_goal_line@3x.png ... 
2018-04-11 08:04:21 +0000  173 bytes for ./step_goal_line@3x.png
2018-04-11 08:04:21 +0000  copying file ./button_cancel@2x.png ... 
2018-04-11 08:04:21 +0000  3958 bytes for ./button_cancel@2x.png
2018-04-11 08:04:21 +0000  copying file ./daily_alarm_icon@3x.png ... 
2018-04-11 08:04:21 +0000  793 bytes for ./daily_alarm_icon@3x.png
2018-04-11 08:04:21 +0000  copying file ./REV_IPS_step_background@3x.png ... 
2018-04-11 08:04:21 +0000  2624720 bytes for ./REV_IPS_step_background@3x.png
2018-04-11 08:04:21 +0000  copying file ./btn_back_nor@2x.png ... 
2018-04-11 08:04:21 +0000  769 bytes for ./btn_back_nor@2x.png
2018-04-11 08:04:21 +0000  copying file ./Helvetica LT 37 Thin Condensed.ttf ... 
2018-04-11 08:04:21 +0000  40152 bytes for ./Helvetica LT 37 Thin Condensed.ttf
2018-04-11 08:04:21 +0000  copying file ./special_select_icon@3x.png ... 
2018-04-11 08:04:21 +0000  374 bytes for ./special_select_icon@3x.png
2018-04-11 08:04:21 +0000  copying file ./icon_battery_activity_50@2x.png ... 
2018-04-11 08:04:21 +0000  569 bytes for ./icon_battery_activity_50@2x.png
2018-04-11 08:04:21 +0000  copying file ./girl_icon_white@2x.png ... 
2018-04-11 08:04:21 +0000  7556 bytes for ./girl_icon_white@2x.png
2018-04-11 08:04:21 +0000  copying file ./high_circle_icon01@3x.png ... 
2018-04-11 08:04:21 +0000  12084 bytes for ./high_circle_icon01@3x.png
2018-04-11 08:04:21 +0000  copying file ./weight_circle_icon01@2x.png ... 
2018-04-11 08:04:21 +0000  32799 bytes for ./weight_circle_icon01@2x.png
2018-04-11 08:04:21 +0000  copying file ./HelpMenuController.nib ... 
2018-04-11 08:04:21 +0000  10362 bytes for ./HelpMenuController.nib
2018-04-11 08:04:21 +0000  copying file ./coil_white_coil@2x.png ... 
2018-04-11 08:04:21 +0000  5052 bytes for ./coil_white_coil@2x.png
2018-04-11 08:04:21 +0000  copying file ./moving_reminder_icon@2x.png ... 
2018-04-11 08:04:21 +0000  916 bytes for ./moving_reminder_icon@2x.png
2018-04-11 08:04:21 +0000  copying file ./AlarmViewCell.nib ... 
2018-04-11 08:04:21 +0000  8216 bytes for ./AlarmViewCell.nib
2018-04-11 08:04:21 +0000  copying file ./icon_battery_100@2x.png ... 
2018-04-11 08:04:21 +0000  590 bytes for ./icon_battery_100@2x.png
copying file ./notification@2x.png ... 
2018-04-11 08:04:21 +0000  1419 bytes for ./notification@2x.png
2018-04-11 08:04:21 +0000  copying file ./cs.strings ... 
2018-04-11 08:04:21 +0000  15027 bytes for ./cs.strings
2018-04-11 08:04:21 +0000  copying file ./help_account_CS.png ... 
2018-04-11 08:04:21 +0000  47769 bytes for ./help_account_CS.png
copying file ./Impulse_connect_now02@3x.png ... 
2018-04-11 08:04:21 +0000  343705 bytes for ./Impulse_connect_now02@3x.png
copying file ./activity_title_icon@2x.png ... 
2018-04-11 08:04:21 +0000  711 bytes for ./activity_title_icon@2x.png
copying file ./AppIcon60x60@3x.png ... 
2018-04-11 08:04:21 +0000  13252 bytes for ./AppIcon60x60@3x.png
copying file ./weight_circle_icon03@3x.png ... 
2018-04-11 08:04:21 +0000  22053 bytes for ./weight_circle_icon03@3x.png
copying file ./MenuController.nib ... 
2018-04-11 08:04:21 +0000  11396 bytes for ./MenuController.nib
2018-04-11 08:04:21 +0000  copying file ./ServiceController.nib ... 
2018-04-11 08:04:21 +0000  9784 bytes for ./ServiceController.nib
copying file ./pl.strings ... 
2018-04-11 08:04:21 +0000  31224 bytes for ./pl.strings
2018-04-11 08:04:21 +0000  copying file ./ips_setting_ui02@2x.png ... 
2018-04-11 08:04:21 +0000  896339 bytes for ./ips_setting_ui02@2x.png
copying file ./high_circle_icon03@2x.png ... 
2018-04-11 08:04:21 +0000  21080 bytes for ./high_circle_icon03@2x.png
2018-04-11 08:04:21 +0000  copying file ./Base.lproj/HibitController.nib ... 
2018-04-11 08:04:21 +0000  3312 bytes for ./Base.lproj/HibitController.nib
2018-04-11 08:04:21 +0000  copying file ./Base.lproj/LaunchScreen.storyboardc/01J-lp-oVM-view-Ze5-6b-2t3.nib ... 
2018-04-11 08:04:21 +0000  2293 bytes for ./Base.lproj/LaunchScreen.storyboardc/01J-lp-oVM-view-Ze5-6b-2t3.nib
2018-04-11 08:04:21 +0000  copying file ./Base.lproj/LaunchScreen.storyboardc/UIViewController-01J-lp-oVM.nib ... 
2018-04-11 08:04:21 +0000  832 bytes for ./Base.lproj/LaunchScreen.storyboardc/UIViewController-01J-lp-oVM.nib
copying file ./Base.lproj/LaunchScreen.storyboardc/Info.plist ... 
2018-04-11 08:04:21 +0000  258 bytes for ./Base.lproj/LaunchScreen.storyboardc/Info.plist
2018-04-11 08:04:21 +0000  copying file ./time_sync_circle_gary@3x.png ... 
2018-04-11 08:04:21 +0000  9967 bytes for ./time_sync_circle_gary@3x.png
2018-04-11 08:04:21 +0000  copying file ./battery75@2x.png ... 
2018-04-11 08:04:21 +0000  961 bytes for ./battery75@2x.png
copying file ./goal_icon_black@2x.png ... 
2018-04-11 08:04:21 +0000  2041 bytes for ./goal_icon_black@2x.png
2018-04-11 08:04:21 +0000  copying file ./check_icon@2x.png ... 
2018-04-11 08:04:21 +0000  455 bytes for ./check_icon@2x.png
2018-04-11 08:04:21 +0000  copying file ./line_partition_rungoal@3x.png ... 
2018-04-11 08:04:21 +0000  1621 bytes for ./line_partition_rungoal@3x.png
2018-04-11 08:04:21 +0000  copying file ./Renew_icon@3x.png ... 
2018-04-11 08:04:21 +0000  541 bytes for ./Renew_icon@3x.png
2018-04-11 08:04:21 +0000  copying file ./run_time_icon@3x.png ... 
2018-04-11 08:04:21 +0000  2262 bytes for ./run_time_icon@3x.png
2018-04-11 08:04:21 +0000  copying file ./date_select_left_icon@2x.png ... 
2018-04-11 08:04:21 +0000  472 bytes for ./date_select_left_icon@2x.png
2018-04-11 08:04:21 +0000  copying file ./REV_IPS_sleep_W_background@3x.png ... 
2018-04-11 08:04:21 +0000  1254181 bytes for ./REV_IPS_sleep_W_background@3x.png
copying file ./UpdateFirmwareHelpController.nib ... 
2018-04-11 08:04:21 +0000  7056 bytes for ./UpdateFirmwareHelpController.nib
copying file ./Revolution_connect_now02@3x.png ... 
2018-04-11 08:04:21 +0000  290239 bytes for ./Revolution_connect_now02@3x.png
2018-04-11 08:04:21 +0000  copying file ./set_run_goal@2x.png ... 
2018-04-11 08:04:21 +0000  517411 bytes for ./set_run_goal@2x.png
copying file ./activity_select_background@2x.png ... 
2018-04-11 08:04:21 +0000  1355285 bytes for ./activity_select_background@2x.png
copying file ./Select_basic_watch@3x.png ... 
2018-04-11 08:04:21 +0000  127464 bytes for ./Select_basic_watch@3x.png
copying file ./IM_icon@3x.png ... 
2018-04-11 08:04:21 +0000  279 bytes for ./IM_icon@3x.png
2018-04-11 08:04:21 +0000  copying file ./second_time_find_icon@3x.png ... 
2018-04-11 08:04:21 +0000  752 bytes for ./second_time_find_icon@3x.png
2018-04-11 08:04:21 +0000  copying file ./watch_type_background@3x.png ... 
2018-04-11 08:04:21 +0000  202540 bytes for ./watch_type_background@3x.png
copying file ./battery25@2x.png ... 
2018-04-11 08:04:21 +0000  697 bytes for ./battery25@2x.png
2018-04-11 08:04:21 +0000  copying file ./reset_icon@2x.png ... 
2018-04-11 08:04:21 +0000  840 bytes for ./reset_icon@2x.png
2018-04-11 08:04:21 +0000  copying file ./RegisterController.nib ... 
2018-04-11 08:04:21 +0000  36542 bytes for ./RegisterController.nib
copying file ./time_adjust_button_right@2x.png ... 
2018-04-11 08:04:21 +0000  6814 bytes for ./time_adjust_button_right@2x.png
2018-04-11 08:04:21 +0000  copying file ./REV_IPS_run_W_background@3x.png ... 
2018-04-11 08:04:21 +0000  2088334 bytes for ./REV_IPS_run_W_background@3x.png
2018-04-11 08:04:21 +0000  copying file ./uncheck_icon@2x.png ... 
2018-04-11 08:04:21 +0000  181 bytes for ./uncheck_icon@2x.png
copying file ./sleep_habit_ui@2x.png ... 
2018-04-11 08:04:21 +0000  288262 bytes for ./sleep_habit_ui@2x.png
2018-04-11 08:04:21 +0000  copying file ./reurn_button_icon@3x.png ... 
2018-04-11 08:04:21 +0000  328 bytes for ./reurn_button_icon@3x.png
2018-04-11 08:04:21 +0000  copying file ./MEC_MikeEllis_ANCS_V03C.hex ... 
2018-04-11 08:04:21 +0000  127897 bytes for ./MEC_MikeEllis_ANCS_V03C.hex
2018-04-11 08:04:21 +0000  copying file ./white_circle_md@2x.png ... 
2018-04-11 08:04:21 +0000  8845 bytes for ./white_circle_md@2x.png
2018-04-11 08:04:21 +0000  copying file ./MEC_time_select@3x.png ... 
2018-04-11 08:04:21 +0000  17961 bytes for ./MEC_time_select@3x.png
2018-04-11 08:04:21 +0000  copying file ./high_circle_icon04@3x.png ... 
2018-04-11 08:04:21 +0000  12042 bytes for ./high_circle_icon04@3x.png
2018-04-11 08:04:21 +0000  copying file ./ActivityRunMonthController.nib ... 
2018-04-11 08:04:21 +0000  6649 bytes for ./ActivityRunMonthController.nib
2018-04-11 08:04:21 +0000  copying file ./weight_circle_icon04@2x.png ... 
2018-04-11 08:04:21 +0000  32894 bytes for ./weight_circle_icon04@2x.png
2018-04-11 08:04:21 +0000  copying file ./sleep_habit@2x.png ... 
2018-04-11 08:04:21 +0000  1904 bytes for ./sleep_habit@2x.png
2018-04-11 08:04:21 +0000  copying file ./service_icon@3x.png ... 
2018-04-11 08:04:21 +0000  605 bytes for ./service_icon@3x.png
2018-04-11 08:04:21 +0000  copying file ./Helvetica LT 107 Extra Black Condensed Oblique.ttf ... 
2018-04-11 08:04:21 +0000  40608 bytes for ./Helvetica LT 107 Extra Black Condensed Oblique.ttf
2018-04-11 08:04:21 +0000  copying file ./item_on_icon@2x.png ... 
2018-04-11 08:04:21 +0000  1932 bytes for ./item_on_icon@2x.png
2018-04-11 08:04:21 +0000  copying file ./notification_icon@2x.png ... 
2018-04-11 08:04:21 +0000  1021 bytes for ./notification_icon@2x.png
2018-04-11 08:04:21 +0000  copying file ./icon_battery_activity_00@2x.png ... 
2018-04-11 08:04:21 +0000  480 bytes for ./icon_battery_activity_00@2x.png
copying file ./button_on@3x.png ... 
2018-04-11 08:04:21 +0000  2896 bytes for ./button_on@3x.png
2018-04-11 08:04:21 +0000  copying file ./cht.strings ... 
2018-04-11 08:04:21 +0000  13875 bytes for ./cht.strings
2018-04-11 08:04:21 +0000  copying file ./StepLengthController.nib ... 
2018-04-11 08:04:21 +0000  5067 bytes for ./StepLengthController.nib
2018-04-11 08:04:21 +0000  copying file ./photo_area01@2x.png ... 
2018-04-11 08:04:21 +0000  13377 bytes for ./photo_area01@2x.png
2018-04-11 08:04:21 +0000  copying file ./btn_orange_nor@2x.png ... 
2018-04-11 08:04:21 +0000  822 bytes for ./btn_orange_nor@2x.png
2018-04-11 08:04:21 +0000  copying file ./unit_on_icon@2x.png ... 
2018-04-11 08:04:21 +0000  3901 bytes for ./unit_on_icon@2x.png
2018-04-11 08:04:21 +0000  copying file ./Basic_connect_now01@3x.png ... 
2018-04-11 08:04:21 +0000  245444 bytes for ./Basic_connect_now01@3x.png
2018-04-11 08:04:21 +0000  copying file ./Helvetica LT 23 Ultra Light Extended.ttf ... 
2018-04-11 08:04:21 +0000  39780 bytes for ./Helvetica LT 23 Ultra Light Extended.ttf
2018-04-11 08:04:21 +0000  copying file ./time_adjust_button_left@3x.png ... 
2018-04-11 08:04:21 +0000  3387 bytes for ./time_adjust_button_left@3x.png
2018-04-11 08:04:21 +0000  copying file ./help_icon@3x.png ... 
2018-04-11 08:04:21 +0000  1348 bytes for ./help_icon@3x.png
2018-04-11 08:04:21 +0000  copying file ./ResetController.nib ... 
2018-04-11 08:04:21 +0000  6608 bytes for ./ResetController.nib
2018-04-11 08:04:21 +0000  copying file ./revolve_activity_0@2x.png ... 
2018-04-11 08:04:21 +0000  14049 bytes for ./revolve_activity_0@2x.png
2018-04-11 08:04:21 +0000  copying file ./Helvetica LT 35 Thin.ttf ... 
2018-04-11 08:04:21 +0000  49120 bytes for ./Helvetica LT 35 Thin.ttf
2018-04-11 08:04:21 +0000  copying file ./fr.strings ... 
2018-04-11 08:04:21 +0000  16978 bytes for ./fr.strings
2018-04-11 08:04:21 +0000  copying file ./REV_IPS_run_background@3x.png ... 
2018-04-11 08:04:21 +0000  2104313 bytes for ./REV_IPS_run_background@3x.png
2018-04-11 08:04:21 +0000  copying file ./btn_menu_nor@3x.png ... 
2018-04-11 08:04:21 +0000  222 bytes for ./btn_menu_nor@3x.png
2018-04-11 08:04:21 +0000  copying file ./ActivityRunWeekController.nib ... 
2018-04-11 08:04:21 +0000  15872 bytes for ./ActivityRunWeekController.nib
2018-04-11 08:04:21 +0000  copying file ./basic_REV_time_adjust_watch@3x.png ... 
2018-04-11 08:04:21 +0000  252282 bytes for ./basic_REV_time_adjust_watch@3x.png
2018-04-11 08:04:21 +0000  copying file ./privacy_icon@3x.png ... 
2018-04-11 08:04:21 +0000  424 bytes for ./privacy_icon@3x.png
2018-04-11 08:04:21 +0000  copying file ./logo@3x.png ... 
2018-04-11 08:04:21 +0000  16650 bytes for ./logo@3x.png
2018-04-11 08:04:21 +0000  copying file ./icon_battery_75@2x.png ... 
2018-04-11 08:04:22 +0000  543 bytes for ./icon_battery_75@2x.png
copying file ./man_icon@2x.png ... 
2018-04-11 08:04:22 +0000  5666 bytes for ./man_icon@2x.png
2018-04-11 08:04:22 +0000  copying file ./help_account_NL.png ... 
2018-04-11 08:04:22 +0000  48459 bytes for ./help_account_NL.png
2018-04-11 08:04:22 +0000  copying file ./unit_icon@2x.png ... 
2018-04-11 08:04:22 +0000  726 bytes for ./unit_icon@2x.png
2018-04-11 08:04:22 +0000  copying file ./menu_icon_black@3x.png ... 
2018-04-11 08:04:22 +0000  364 bytes for ./menu_icon_black@3x.png
2018-04-11 08:04:22 +0000  copying file ./term_of_use_icon@3x.png ... 
2018-04-11 08:04:22 +0000  380 bytes for ./term_of_use_icon@3x.png
2018-04-11 08:04:22 +0000  copying file ./Assets.car ... 
2018-04-11 08:04:22 +0000  153288 bytes for ./Assets.car
2018-04-11 08:04:22 +0000  copying file ./Basic_connect_now_phone@2x.png ... 
2018-04-11 08:04:22 +0000  2475 bytes for ./Basic_connect_now_phone@2x.png
2018-04-11 08:04:22 +0000  copying file ./vibration_icon@3x.png ... 
2018-04-11 08:04:22 +0000  1269 bytes for ./vibration_icon@3x.png
2018-04-11 08:04:22 +0000  copying file ./sleep_goal_line@3x.png ... 
2018-04-11 08:04:22 +0000  178 bytes for ./sleep_goal_line@3x.png
2018-04-11 08:04:22 +0000  copying file ./help_UI@2x.png ... 
2018-04-11 08:04:22 +0000  519880 bytes for ./help_UI@2x.png
2018-04-11 08:04:22 +0000  copying file ./default_logo@2x.png ... 
2018-04-11 08:04:22 +0000  45205 bytes for ./default_logo@2x.png
2018-04-11 08:04:22 +0000  copying file ./Helvetica LT 27 Ultra Light Condensed Oblique.ttf ... 
2018-04-11 08:04:22 +0000  40984 bytes for ./Helvetica LT 27 Ultra Light Condensed Oblique.ttf
2018-04-11 08:04:22 +0000  copying file ./impulse_clock_hour@2x.png ... 
134713 bytes for ./impulse_clock_hour@2x.png
copying file ./daily_alarm_clock@3x.png ... 
2018-04-11 08:04:22 +0000  123317 bytes for ./daily_alarm_clock@3x.png
2018-04-11 08:04:22 +0000  copying file ./HelpController.nib ... 
2018-04-11 08:04:22 +0000  7624 bytes for ./HelpController.nib
2018-04-11 08:04:22 +0000  copying file ./button_on_de@3x.png ... 
2018-04-11 08:04:22 +0000  2995 bytes for ./button_on_de@3x.png
2018-04-11 08:04:22 +0000  copying file ./step_circle_color@2x.png ... 
2018-04-11 08:04:22 +0000  27277 bytes for ./step_circle_color@2x.png
2018-04-11 08:04:22 +0000  copying file ./line_account_bg@3x.png ... 
2018-04-11 08:04:22 +0000  1798 bytes for ./line_account_bg@3x.png
2018-04-11 08:04:22 +0000  copying file ./button_on_de@2x.png ... 
2018-04-11 08:04:22 +0000  1869 bytes for ./button_on_de@2x.png
2018-04-11 08:04:22 +0000  copying file ./step_circle_color@3x.png ... 
2018-04-11 08:04:22 +0000  14697 bytes for ./step_circle_color@3x.png
2018-04-11 08:04:22 +0000  copying file ./line_account_bg@2x.png ... 
2018-04-11 08:04:22 +0000  934 bytes for ./line_account_bg@2x.png
2018-04-11 08:04:22 +0000  copying file ./daily_alarm_clock@2x.png ... 
2018-04-11 08:04:22 +0000  92392 bytes for ./daily_alarm_clock@2x.png
2018-04-11 08:04:22 +0000  copying file ./NotificationsController.nib ... 
2018-04-11 08:04:22 +0000  14763 bytes for ./NotificationsController.nib
2018-04-11 08:04:22 +0000  copying file ./impulse_clock_hour@3x.png ... 
2018-04-11 08:04:22 +0000  135856 bytes for ./impulse_clock_hour@3x.png
2018-04-11 08:04:22 +0000  copying file ./pt.strings ... 
2018-04-11 08:04:22 +0000  15992 bytes for ./pt.strings
2018-04-11 08:04:22 +0000  copying file ./default_logo@3x.png ... 
2018-04-11 08:04:22 +0000  28052 bytes for ./default_logo@3x.png
2018-04-11 08:04:22 +0000  copying file ./sleep_goal_line@2x.png ... 
2018-04-11 08:04:22 +0000  178 bytes for ./sleep_goal_line@2x.png
copying file ./help_UI@3x.png ... 
2018-04-11 08:04:22 +0000  1097691 bytes for ./help_UI@3x.png
2018-04-11 08:04:22 +0000  copying file ./ActivitySleepWeekController.nib ... 
2018-04-11 08:04:22 +0000  15876 bytes for ./ActivitySleepWeekController.nib
2018-04-11 08:04:22 +0000  copying file ./NotificationCell.nib ... 
2018-04-11 08:04:22 +0000  5887 bytes for ./NotificationCell.nib
2018-04-11 08:04:22 +0000  copying file ./NotificationCell3.nib ... 
2018-04-11 08:04:22 +0000  7566 bytes for ./NotificationCell3.nib
2018-04-11 08:04:22 +0000  copying file ./term_of_use_icon@2x.png ... 
2018-04-11 08:04:22 +0000  477 bytes for ./term_of_use_icon@2x.png
2018-04-11 08:04:22 +0000  copying file ./RegisterControllerWeight.nib ... 
2018-04-11 08:04:22 +0000  7917 bytes for ./RegisterControllerWeight.nib
2018-04-11 08:04:22 +0000  copying file ./Basic_connect_now_phone@3x.png ... 
2018-04-11 08:04:22 +0000  3083 bytes for ./Basic_connect_now_phone@3x.png
2018-04-11 08:04:22 +0000  copying file ./unit_icon@3x.png ... 
2018-04-11 08:04:22 +0000  391 bytes for ./unit_icon@3x.png
2018-04-11 08:04:22 +0000  copying file ./NotificationCell2.nib ... 
2018-04-11 08:04:22 +0000  9671 bytes for ./NotificationCell2.nib
2018-04-11 08:04:22 +0000  copying file ./menu_icon_black@2x.png ... 
2018-04-11 08:04:22 +0000  310 bytes for ./menu_icon_black@2x.png
2018-04-11 08:04:22 +0000  copying file ./TimeShowController.nib ... 
2018-04-11 08:04:22 +0000  6197 bytes for ./TimeShowController.nib
2018-04-11 08:04:22 +0000  copying file ./man_icon@3x.png ... 
2018-04-11 08:04:22 +0000  3641 bytes for ./man_icon@3x.png
2018-04-11 08:04:22 +0000  copying file ./menu-button@2x.png ... 
2018-04-11 08:04:22 +0000  174 bytes for ./menu-button@2x.png
2018-04-11 08:04:22 +0000  copying file ./RegisterController2.nib ... 
2018-04-11 08:04:22 +0000  3054 bytes for ./RegisterController2.nib
2018-04-11 08:04:22 +0000  copying file ./logo@2x.png ... 
2018-04-11 08:04:22 +0000  26196 bytes for ./logo@2x.png
2018-04-11 08:04:22 +0000  copying file ./icon_battery_75@3x.png ... 
2018-04-11 08:04:22 +0000  687 bytes for ./icon_battery_75@3x.png
2018-04-11 08:04:22 +0000  copying file ./Helvetica LT 43 Light Extended Oblique.ttf ... 
2018-04-11 08:04:22 +0000  40536 bytes for ./Helvetica LT 43 Light Extended Oblique.ttf
2018-04-11 08:04:22 +0000  copying file ./basic_REV_time_adjust_watch@2x.png ... 
2018-04-11 08:04:22 +0000  126486 bytes for ./basic_REV_time_adjust_watch@2x.png
2018-04-11 08:04:22 +0000  copying file ./privacy_icon@2x.png ... 
2018-04-11 08:04:22 +0000  594 bytes for ./privacy_icon@2x.png
2018-04-11 08:04:22 +0000  copying file ./REV_IPS_run_background@2x.png ... 
2018-04-11 08:04:22 +0000  833380 bytes for ./REV_IPS_run_background@2x.png
2018-04-11 08:04:22 +0000  copying file ./btn_menu_nor@2x.png ... 
2018-04-11 08:04:22 +0000  201 bytes for ./btn_menu_nor@2x.png
2018-04-11 08:04:22 +0000  copying file ./revolve_activity_0@3x.png ... 
2018-04-11 08:04:22 +0000  25759 bytes for ./revolve_activity_0@3x.png
2018-04-11 08:04:22 +0000  copying file ./help_icon@2x.png ... 
2018-04-11 08:04:22 +0000  1975 bytes for ./help_icon@2x.png
2018-04-11 08:04:22 +0000  copying file ./TermsController.nib ... 
2018-04-11 08:04:22 +0000  7626 bytes for ./TermsController.nib
2018-04-11 08:04:22 +0000  copying file ./time_adjust_button_left@2x.png ... 
2018-04-11 08:04:22 +0000  6813 bytes for ./time_adjust_button_left@2x.png
2018-04-11 08:04:22 +0000  copying file ./SetTimeController.nib ... 
2018-04-11 08:04:22 +0000  15352 bytes for ./SetTimeController.nib
2018-04-11 08:04:22 +0000  copying file ./Basic_connect_now01@2x.png ... 
2018-04-11 08:04:22 +0000  127912 bytes for ./Basic_connect_now01@2x.png
2018-04-11 08:04:22 +0000  copying file ./ActivityStepController.nib ... 
2018-04-11 08:04:22 +0000  15711 bytes for ./ActivityStepController.nib
2018-04-11 08:04:22 +0000  copying file ./btn_orange_nor@3x.png ... 
2018-04-11 08:04:22 +0000  1660 bytes for ./btn_orange_nor@3x.png
2018-04-11 08:04:22 +0000  copying file ./unit_on_icon@3x.png ... 
2018-04-11 08:04:22 +0000  3392 bytes for ./unit_on_icon@3x.png
2018-04-11 08:04:22 +0000  copying file ./button_on@2x.png ... 
2018-04-11 08:04:22 +0000  2046 bytes for ./button_on@2x.png
2018-04-11 08:04:22 +0000  copying file ./SetTimeImpulseController.nib ... 
2018-04-11 08:04:22 +0000  8201 bytes for ./SetTimeImpulseController.nib
2018-04-11 08:04:22 +0000  copying file ./photo_area01@3x.png ... 
2018-04-11 08:04:22 +0000  6589 bytes for ./photo_area01@3x.png
2018-04-11 08:04:22 +0000  copying file ./RegisterController0.nib ... 
2018-04-11 08:04:22 +0000  9455 bytes for ./RegisterController0.nib
2018-04-11 08:04:22 +0000  copying file ./notification_icon@3x.png ... 
2018-04-11 08:04:22 +0000  838 bytes for ./notification_icon@3x.png
2018-04-11 08:04:22 +0000  copying file ./icon_battery_activity_00@3x.png ... 
2018-04-11 08:04:22 +0000  616 bytes for ./icon_battery_activity_00@3x.png
2018-04-11 08:04:22 +0000  copying file ./item_on_icon@3x.png ... 
2018-04-11 08:04:22 +0000  1211 bytes for ./item_on_icon@3x.png
2018-04-11 08:04:22 +0000  copying file ./weight_circle_icon04@3x.png ... 
2018-04-11 08:04:22 +0000  21921 bytes for ./weight_circle_icon04@3x.png
2018-04-11 08:04:22 +0000  copying file ./sleep_habit@3x.png ... 
2018-04-11 08:04:22 +0000  1000 bytes for ./sleep_habit@3x.png
2018-04-11 08:04:22 +0000  copying file ./service_icon@2x.png ... 
2018-04-11 08:04:22 +0000  771 bytes for ./service_icon@2x.png
2018-04-11 08:04:22 +0000  copying file ./reurn_button_icon@2x.png ... 
2018-04-11 08:04:22 +0000  444 bytes for ./reurn_button_icon@2x.png
2018-04-11 08:04:22 +0000  copying file ./white_circle_md@3x.png ... 
2018-04-11 08:04:22 +0000  10868 bytes for ./white_circle_md@3x.png
2018-04-11 08:04:22 +0000  copying file ./MEC_time_select@2x.png ... 
2018-04-11 08:04:22 +0000  17713 bytes for ./MEC_time_select@2x.png
2018-04-11 08:04:22 +0000  copying file ./high_circle_icon04@2x.png ... 
2018-04-11 08:04:22 +0000  21189 bytes for ./high_circle_icon04@2x.png
2018-04-11 08:04:22 +0000  copying file ./REV_IPS_run_W_background@2x.png ... 
2018-04-11 08:04:22 +0000  825301 bytes for ./REV_IPS_run_W_background@2x.png
2018-04-11 08:04:22 +0000  copying file ./uncheck_icon@3x.png ... 
2018-04-11 08:04:22 +0000  189 bytes for ./uncheck_icon@3x.png
2018-04-11 08:04:22 +0000  copying file ./sleep_habit_ui@3x.png ... 
2018-04-11 08:04:22 +0000  555765 bytes for ./sleep_habit_ui@3x.png
2018-04-11 08:04:22 +0000  copying file ./TimeZoneViewCell.nib ... 
2018-04-11 08:04:22 +0000  7629 bytes for ./TimeZoneViewCell.nib
2018-04-11 08:04:22 +0000  copying file ./RegisterController1.nib ... 
2018-04-11 08:04:22 +0000  5767 bytes for ./RegisterController1.nib
2018-04-11 08:04:22 +0000  copying file ./time_adjust_button_right@3x.png ... 
2018-04-11 08:04:22 +0000  3402 bytes for ./time_adjust_button_right@3x.png
2018-04-11 08:04:22 +0000  copying file ./Helvetica LT 26 Ultra Light Italic.ttf ... 
2018-04-11 08:04:22 +0000  51172 bytes for ./Helvetica LT 26 Ultra Light Italic.ttf
2018-04-11 08:04:22 +0000  copying file ./second_time_find_icon@2x.png ... 
2018-04-11 08:04:22 +0000  1492 bytes for ./second_time_find_icon@2x.png
2018-04-11 08:04:22 +0000  copying file ./battery25@3x.png ... 
2018-04-11 08:04:22 +0000  308 bytes for ./battery25@3x.png
2018-04-11 08:04:22 +0000  copying file ./watch_type_background@2x.png ... 
2018-04-11 08:04:22 +0000  185309 bytes for ./watch_type_background@2x.png
2018-04-11 08:04:22 +0000  copying file ./reset_icon@3x.png ... 
2018-04-11 08:04:22 +0000  622 bytes for ./reset_icon@3x.png
2018-04-11 08:04:22 +0000  copying file ./Select_basic_watch@2x.png ... 
2018-04-11 08:04:22 +0000  69543 bytes for ./Select_basic_watch@2x.png
2018-04-11 08:04:22 +0000  copying file ./IM_icon@2x.png ... 
2018-04-11 08:04:22 +0000  560 bytes for ./IM_icon@2x.png
copying file ./activity_select_background@3x.png ... 
2018-04-11 08:04:22 +0000  2890322 bytes for ./activity_select_background@3x.png
2018-04-11 08:04:22 +0000  copying file ./Revolution_connect_now02@2x.png ... 
2018-04-11 08:04:22 +0000  140094 bytes for ./Revolution_connect_now02@2x.png
2018-04-11 08:04:22 +0000  copying file ./SpFeatureController.nib ... 
2018-04-11 08:04:22 +0000  6753 bytes for ./SpFeatureController.nib
2018-04-11 08:04:22 +0000  copying file ./set_run_goal@3x.png ... 
2018-04-11 08:04:22 +0000  1270498 bytes for ./set_run_goal@3x.png
2018-04-11 08:04:22 +0000  copying file ./email_icon@2x.png ... 
2018-04-11 08:04:22 +0000  786 bytes for ./email_icon@2x.png
2018-04-11 08:04:22 +0000  copying file ./icon_battery_00@3x.png ... 
2018-04-11 08:04:22 +0000  568 bytes for ./icon_battery_00@3x.png
2018-04-11 08:04:22 +0000  copying file ./MyWatchController.nib ... 
2018-04-11 08:04:22 +0000  9286 bytes for ./MyWatchController.nib
2018-04-11 08:04:22 +0000  copying file ./AcitvityPageController.nib ... 
2018-04-11 08:04:22 +0000  6749 bytes for ./AcitvityPageController.nib
2018-04-11 08:04:22 +0000  copying file ./button_off_de@2x.png ... 
2018-04-11 08:04:22 +0000  1251 bytes for ./button_off_de@2x.png
2018-04-11 08:04:22 +0000  copying file ./MainPageController.nib ... 
2018-04-11 08:04:22 +0000  17029 bytes for ./MainPageController.nib
2018-04-11 08:04:22 +0000  copying file ./de_at.strings ... 
2018-04-11 08:04:22 +0000  30416 bytes for ./de_at.strings
2018-04-11 08:04:22 +0000  copying file ./mike_ellis_logo@3x.png ... 
2018-04-11 08:04:22 +0000  11519 bytes for ./mike_ellis_logo@3x.png
2018-04-11 08:04:22 +0000  copying file ./goal_icon@2x.png ... 
2018-04-11 08:04:22 +0000  2137 bytes for ./goal_icon@2x.png
2018-04-11 08:04:22 +0000  copying file ./btn_picker_time_nor@2x.png ... 
2018-04-11 08:04:22 +0000  933 bytes for ./btn_picker_time_nor@2x.png
2018-04-11 08:04:22 +0000  copying file ./LuanchController.nib ... 
2018-04-11 08:04:22 +0000  3583 bytes for ./LuanchController.nib
2018-04-11 08:04:22 +0000  copying file ./my_frofile@3x.png ... 
2018-04-11 08:04:22 +0000  1079 bytes for ./my_frofile@3x.png
2018-04-11 08:04:22 +0000  copying file ./fw_update_icon@3x.png ... 
2018-04-11 08:04:22 +0000  959 bytes for ./fw_update_icon@3x.png
2018-04-11 08:04:22 +0000  copying file ./impulse_clock_sub@3x.png ... 
2018-04-11 08:04:22 +0000  133472 bytes for ./impulse_clock_sub@3x.png
2018-04-11 08:04:22 +0000  copying file ./step_length_icon@2x.png ... 
2018-04-11 08:04:22 +0000  1348 bytes for ./step_length_icon@2x.png
copying file ./MER_V03B.hex ... 
2018-04-11 08:04:22 +0000  132397 bytes for ./MER_V03B.hex
2018-04-11 08:04:22 +0000  copying file ./run_circle_color@2x.png ... 
2018-04-11 08:04:22 +0000  27990 bytes for ./run_circle_color@2x.png
2018-04-11 08:04:22 +0000  copying file ./sl.strings ... 
2018-04-11 08:04:22 +0000  15153 bytes for ./sl.strings
2018-04-11 08:04:22 +0000  copying file ./line_partition_help@2x.png ... 
2018-04-11 08:04:22 +0000  643 bytes for ./line_partition_help@2x.png
2018-04-11 08:04:22 +0000  copying file ./change_watch_icon@3x.png ... 
2018-04-11 08:04:22 +0000  702 bytes for ./change_watch_icon@3x.png
2018-04-11 08:04:22 +0000  copying file ./change_watch_new@3x.png ... 
2018-04-11 08:04:22 +0000  360605 bytes for ./change_watch_new@3x.png
2018-04-11 08:04:22 +0000  copying file ./time_setting@3x.png ... 
2018-04-11 08:04:22 +0000  1175 bytes for ./time_setting@3x.png
2018-04-11 08:04:22 +0000  copying file ./ActivityController.nib ... 
2018-04-11 08:04:22 +0000  19369 bytes for ./ActivityController.nib
2018-04-11 08:04:22 +0000  copying file ./sleep_habit_black@2x.png ... 
2018-04-11 08:04:22 +0000  969 bytes for ./sleep_habit_black@2x.png
2018-04-11 08:04:22 +0000  copying file ./basic_daily_alarm@3x.png ... 
2018-04-11 08:04:22 +0000  1225208 bytes for ./basic_daily_alarm@3x.png
2018-04-11 08:04:22 +0000  copying file ./ActivityRunPlusController.nib ... 
2018-04-11 08:04:22 +0000  9936 bytes for ./ActivityRunPlusController.nib
2018-04-11 08:04:22 +0000  copying file ./social_ui@3x.png ... 
2018-04-11 08:04:22 +0000  679055 bytes for ./social_ui@3x.png
2018-04-11 08:04:22 +0000  copying file ./ConnectWatchController.nib ... 
2018-04-11 08:04:22 +0000  8398 bytes for ./ConnectWatchController.nib
2018-04-11 08:04:22 +0000  copying file ./button@2x.png ... 
2018-04-11 08:04:22 +0000  3116 bytes for ./button@2x.png
2018-04-11 08:04:22 +0000  copying file ./basic_time_adjust_ui@2x.png ... 
2018-04-11 08:04:22 +0000  141357 bytes for ./basic_time_adjust_ui@2x.png
2018-04-11 08:04:22 +0000  copying file ./speccial_find_phone@3x.png ... 
2018-04-11 08:04:22 +0000  1321521 bytes for ./speccial_find_phone@3x.png
2018-04-11 08:04:22 +0000  copying file ./AlarmListController.nib ... 
2018-04-11 08:04:22 +0000  7965 bytes for ./AlarmListController.nib
2018-04-11 08:04:22 +0000  copying file ./time_watch@2x.png ... 
2018-04-11 08:04:22 +0000  193373 bytes for ./time_watch@2x.png
copying file ./RegisterController_old.nib ... 
2018-04-11 08:04:22 +0000  26032 bytes for ./RegisterController_old.nib
2018-04-11 08:04:22 +0000  copying file ./button_off@2x.png ... 
2018-04-11 08:04:22 +0000  835 bytes for ./button_off@2x.png
2018-04-11 08:04:22 +0000  copying file ./SettingOldController.nib ... 
2018-04-11 08:04:22 +0000  16895 bytes for ./SettingOldController.nib
2018-04-11 08:04:22 +0000  copying file ./im_ui@2x.png ... 
2018-04-11 08:04:22 +0000  10753 bytes for ./im_ui@2x.png
2018-04-11 08:04:22 +0000  copying file ./social_message_icon@3x.png ... 
2018-04-11 08:04:22 +0000  1008 bytes for ./social_message_icon@3x.png
2018-04-11 08:04:22 +0000  copying file ./ips_setting_ui01@2x.png ... 
2018-04-11 08:04:22 +0000  742664 bytes for ./ips_setting_ui01@2x.png
2018-04-11 08:04:22 +0000  copying file ./sleep_time_icon@2x.png ... 
2018-04-11 08:04:22 +0000  2417 bytes for ./sleep_time_icon@2x.png
copying file ./MEI_MAB1211_V02F.zip ... 
2018-04-11 08:04:22 +0000  52011 bytes for ./MEI_MAB1211_V02F.zip
2018-04-11 08:04:22 +0000  copying file ./MEI_MAB1211_V03B.zip ... 
2018-04-11 08:04:22 +0000  52505 bytes for ./MEI_MAB1211_V03B.zip
2018-04-11 08:04:22 +0000  copying file ./battery50@3x.png ... 
2018-04-11 08:04:22 +0000  335 bytes for ./battery50@3x.png
2018-04-11 08:04:22 +0000  copying file ./Frameworks/libswiftCoreImage.dylib ... 
2018-04-11 08:04:22 +0000  307648 bytes for ./Frameworks/libswiftCoreImage.dylib
2018-04-11 08:04:22 +0000  copying file ./Frameworks/libswiftObjectiveC.dylib ... 
2018-04-11 08:04:22 +0000  554112 bytes for ./Frameworks/libswiftObjectiveC.dylib
2018-04-11 08:04:22 +0000  copying file ./Frameworks/libswiftCore.dylib ... 
2018-04-11 08:04:22 +0000  66629584 bytes for ./Frameworks/libswiftCore.dylib
2018-04-11 08:04:22 +0000  copying file ./Frameworks/libswiftCoreGraphics.dylib ... 
2018-04-11 08:04:22 +0000  1628560 bytes for ./Frameworks/libswiftCoreGraphics.dylib
2018-04-11 08:04:22 +0000  copying file ./Frameworks/libswiftUIKit.dylib ... 
2018-04-11 08:04:22 +0000  1043040 bytes for ./Frameworks/libswiftUIKit.dylib
2018-04-11 08:04:22 +0000  copying file ./Frameworks/libswiftMetal.dylib ... 
2018-04-11 08:04:22 +0000  448896 bytes for ./Frameworks/libswiftMetal.dylib
2018-04-11 08:04:22 +0000  copying file ./Frameworks/libswiftDispatch.dylib ... 
2018-04-11 08:04:22 +0000  2722304 bytes for ./Frameworks/libswiftDispatch.dylib
2018-04-11 08:04:22 +0000  copying file ./Frameworks/libswiftos.dylib ... 
2018-04-11 08:04:22 +0000  497168 bytes for ./Frameworks/libswiftos.dylib
copying file ./Frameworks/libswiftCoreFoundation.dylib ... 
2018-04-11 08:04:22 +0000  257744 bytes for ./Frameworks/libswiftCoreFoundation.dylib
2018-04-11 08:04:22 +0000  copying file ./Frameworks/libswiftDarwin.dylib ... 
2018-04-11 08:04:22 +0000  838736 bytes for ./Frameworks/libswiftDarwin.dylib
2018-04-11 08:04:22 +0000  copying file ./Frameworks/Zip.framework/_CodeSignature/CodeResources ... 
2018-04-11 08:04:22 +0000  2202 bytes for ./Frameworks/Zip.framework/_CodeSignature/CodeResources
2018-04-11 08:04:22 +0000  copying file ./Frameworks/Zip.framework/Zip ... 
2018-04-11 08:04:22 +0000  1494064 bytes for ./Frameworks/Zip.framework/Zip
2018-04-11 08:04:22 +0000  copying file ./Frameworks/Zip.framework/Info.plist ... 
2018-04-11 08:04:22 +0000  728 bytes for ./Frameworks/Zip.framework/Info.plist
2018-04-11 08:04:22 +0000  copying file ./Frameworks/libswiftQuartzCore.dylib ... 
2018-04-11 08:04:22 +0000  310624 bytes for ./Frameworks/libswiftQuartzCore.dylib
2018-04-11 08:04:22 +0000  copying file ./Frameworks/iOSDFULibrary.framework/_CodeSignature/CodeResources ... 
2018-04-11 08:04:22 +0000  2202 bytes for ./Frameworks/iOSDFULibrary.framework/_CodeSignature/CodeResources
2018-04-11 08:04:22 +0000  copying file ./Frameworks/iOSDFULibrary.framework/iOSDFULibrary ... 
2018-04-11 08:04:22 +0000  6989840 bytes for ./Frameworks/iOSDFULibrary.framework/iOSDFULibrary
2018-04-11 08:04:22 +0000  copying file ./Frameworks/iOSDFULibrary.framework/Info.plist ... 
2018-04-11 08:04:22 +0000  748 bytes for ./Frameworks/iOSDFULibrary.framework/Info.plist
2018-04-11 08:04:22 +0000  copying file ./Frameworks/libswiftFoundation.dylib ... 
2018-04-11 08:04:22 +0000  30131392 bytes for ./Frameworks/libswiftFoundation.dylib
2018-04-11 08:04:22 +0000  copying file ./pic_coil_loading coil@3x.png ... 
54877 bytes for ./pic_coil_loading coil@3x.png
copying file ./impulse_clock_min@2x.png ... 
2018-04-11 08:04:22 +0000  134137 bytes for ./impulse_clock_min@2x.png
copying file ./EmptyAlarmController.nib ... 
2018-04-11 08:04:22 +0000  7298 bytes for ./EmptyAlarmController.nib
2018-04-11 08:04:22 +0000  copying file ./SleepHabitController.nib ... 
2018-04-11 08:04:22 +0000  9226 bytes for ./SleepHabitController.nib
2018-04-11 08:04:22 +0000  copying file ./Impulse_connect_now01@3x.png ... 
2018-04-11 08:04:22 +0000  366582 bytes for ./Impulse_connect_now01@3x.png
2018-04-11 08:04:22 +0000  copying file ./Helvetica LT 27 Ultra Light Condensed.ttf ... 
2018-04-11 08:04:22 +0000  39640 bytes for ./Helvetica LT 27 Ultra Light Condensed.ttf
2018-04-11 08:04:22 +0000  copying file ./point_icon@3x.png ... 
2018-04-11 08:04:22 +0000  396 bytes for ./point_icon@3x.png
2018-04-11 08:04:22 +0000  copying file ./man_icon_orange@2x.png ... 
2018-04-11 08:04:22 +0000  4288 bytes for ./man_icon_orange@2x.png
2018-04-11 08:04:22 +0000  copying file ./activity_title_icon_gray@3x.png ... 
2018-04-11 08:04:22 +0000  505 bytes for ./activity_title_icon_gray@3x.png
2018-04-11 08:04:22 +0000  copying file ./activity@2x.png ... 
2018-04-11 08:04:22 +0000  562 bytes for ./activity@2x.png
copying file ./help_account_FR.png ... 
2018-04-11 08:04:22 +0000  46372 bytes for ./help_account_FR.png
2018-04-11 08:04:22 +0000  copying file ./icon_battery_activity_75@3x.png ... 
2018-04-11 08:04:22 +0000  732 bytes for ./icon_battery_activity_75@3x.png
2018-04-11 08:04:22 +0000  copying file ./weight_circle_icon02@2x.png ... 
2018-04-11 08:04:22 +0000  32701 bytes for ./weight_circle_icon02@2x.png
2018-04-11 08:04:22 +0000  copying file ./set_unit_right@2x.png ... 
2018-04-11 08:04:22 +0000  2144 bytes for ./set_unit_right@2x.png
2018-04-11 08:04:22 +0000  copying file ./high_circle_icon02@3x.png ... 
2018-04-11 08:04:22 +0000  12049 bytes for ./high_circle_icon02@3x.png
copying file ./setting_UI@2x.png ... 
2018-04-11 08:04:22 +0000  267684 bytes for ./setting_UI@2x.png
copying file ./date_select_right_icon@3x.png ... 
2018-04-11 08:04:22 +0000  304 bytes for ./date_select_right_icon@3x.png
copying file ./embedded.mobileprovision ... 
2018-04-11 08:04:22 +0000  7446 bytes for ./embedded.mobileprovision
copying file ./set_run_goal_title@2x.png ... 
2018-04-11 08:04:22 +0000  1080 bytes for ./set_run_goal_title@2x.png
2018-04-11 08:04:22 +0000  copying file ./icon_logo_help@3x.png ... 
2018-04-11 08:04:22 +0000  48693 bytes for ./icon_logo_help@3x.png
2018-04-11 08:04:22 +0000  copying file ./set_run_goal_title@3x.png ... 
2018-04-11 08:04:22 +0000  897 bytes for ./set_run_goal_title@3x.png
copying file ./icon_logo_help@2x.png ... 
2018-04-11 08:04:22 +0000  47518 bytes for ./icon_logo_help@2x.png
2018-04-11 08:04:22 +0000  copying file ./set_unit_right@3x.png ... 
2018-04-11 08:04:22 +0000  1927 bytes for ./set_unit_right@3x.png
2018-04-11 08:04:22 +0000  copying file ./high_circle_icon02@2x.png ... 
2018-04-11 08:04:22 +0000  21114 bytes for ./high_circle_icon02@2x.png
2018-04-11 08:04:22 +0000  copying file ./setting_UI@3x.png ... 
2018-04-11 08:04:22 +0000  615919 bytes for ./setting_UI@3x.png
copying file ./date_select_right_icon@2x.png ... 
2018-04-11 08:04:22 +0000  456 bytes for ./date_select_right_icon@2x.png
2018-04-11 08:04:22 +0000  copying file ./icon_battery_activity_75@2x.png ... 
2018-04-11 08:04:22 +0000  595 bytes for ./icon_battery_activity_75@2x.png
2018-04-11 08:04:22 +0000  copying file ./weight_circle_icon02@3x.png ... 
2018-04-11 08:04:22 +0000  21877 bytes for ./weight_circle_icon02@3x.png
2018-04-11 08:04:22 +0000  copying file ./HelpMenuView.nib ... 
2018-04-11 08:04:22 +0000  3364 bytes for ./HelpMenuView.nib
copying file ./activity_title_icon_gray@2x.png ... 
2018-04-11 08:04:22 +0000  693 bytes for ./activity_title_icon_gray@2x.png
2018-04-11 08:04:22 +0000  copying file ./activity@3x.png ... 
2018-04-11 08:04:22 +0000  457 bytes for ./activity@3x.png
copying file ./point_icon@2x.png ... 
2018-04-11 08:04:22 +0000  776 bytes for ./point_icon@2x.png
copying file ./man_icon_orange@3x.png ... 
2018-04-11 08:04:22 +0000  2594 bytes for ./man_icon_orange@3x.png
2018-04-11 08:04:22 +0000  copying file ./help_account_pl.png ... 
2018-04-11 08:04:22 +0000  75549 bytes for ./help_account_pl.png
copying file ./Impulse_connect_now01@2x.png ... 
2018-04-11 08:04:22 +0000  183701 bytes for ./Impulse_connect_now01@2x.png
2018-04-11 08:04:22 +0000  copying file ./AlarmView.nib ... 
2018-04-11 08:04:22 +0000  6752 bytes for ./AlarmView.nib
2018-04-11 08:04:22 +0000  copying file ./pic_coil_loading coil@2x.png ... 
2018-04-11 08:04:22 +0000  29856 bytes for ./pic_coil_loading coil@2x.png
2018-04-11 08:04:22 +0000  copying file ./impulse_clock_min@3x.png ... 
2018-04-11 08:04:22 +0000  135489 bytes for ./impulse_clock_min@3x.png
2018-04-11 08:04:22 +0000  copying file ./battery50@2x.png ... 
2018-04-11 08:04:22 +0000  823 bytes for ./battery50@2x.png
copying file ./sleep_time_icon@3x.png ... 
2018-04-11 08:04:22 +0000  1360 bytes for ./sleep_time_icon@3x.png
copying file ./im_ui@3x.png ... 
2018-04-11 08:04:22 +0000  11948 bytes for ./im_ui@3x.png
2018-04-11 08:04:22 +0000  copying file ./AlarmController.nib ... 
2018-04-11 08:04:22 +0000  11582 bytes for ./AlarmController.nib
copying file ./social_message_icon@2x.png ... 
2018-04-11 08:04:22 +0000  1642 bytes for ./social_message_icon@2x.png
copying file ./ips_setting_ui01@3x.png ... 
2018-04-11 08:04:22 +0000  1547664 bytes for ./ips_setting_ui01@3x.png
2018-04-11 08:04:22 +0000  copying file ./button_off@3x.png ... 
2700 bytes for ./button_off@3x.png
2018-04-11 08:04:22 +0000  copying file ./speccial_find_phone@2x.png ... 
2018-04-11 08:04:22 +0000  609865 bytes for ./speccial_find_phone@2x.png
2018-04-11 08:04:22 +0000  copying file ./VersionController.nib ... 
2018-04-11 08:04:22 +0000  4783 bytes for ./VersionController.nib
2018-04-11 08:04:22 +0000  copying file ./time_watch@3x.png ... 
2018-04-11 08:04:22 +0000  99128 bytes for ./time_watch@3x.png
2018-04-11 08:04:22 +0000  copying file ./social_ui@2x.png ... 
2018-04-11 08:04:22 +0000  322890 bytes for ./social_ui@2x.png
copying file ./button@3x.png ... 
2018-04-11 08:04:22 +0000  2165 bytes for ./button@3x.png
copying file ./basic_time_adjust_ui@3x.png ... 
2018-04-11 08:04:22 +0000  285240 bytes for ./basic_time_adjust_ui@3x.png
copying file ./Info.plist ... 
2018-04-11 08:04:22 +0000  1532 bytes for ./Info.plist
copying file ./CheckFirmWareController.nib ... 
2018-04-11 08:04:22 +0000  6667 bytes for ./CheckFirmWareController.nib
copying file ./basic_daily_alarm@2x.png ... 
2018-04-11 08:04:22 +0000  550746 bytes for ./basic_daily_alarm@2x.png
copying file ./ConnectController.nib ... 
2018-04-11 08:04:22 +0000  9243 bytes for ./ConnectController.nib
copying file ./Helvetica LT 107 Extra Black Condensed.ttf ... 
2018-04-11 08:04:22 +0000  40628 bytes for ./Helvetica LT 107 Extra Black Condensed.ttf
copying file ./TimeZoneView.nib ... 
2018-04-11 08:04:22 +0000  7158 bytes for ./TimeZoneView.nib
copying file ./help_account_en.png ... 
2018-04-11 08:04:22 +0000  70830 bytes for ./help_account_en.png
2018-04-11 08:04:22 +0000  copying file ./sleep_habit_black@3x.png ... 
2018-04-11 08:04:22 +0000  810 bytes for ./sleep_habit_black@3x.png
2018-04-11 08:04:22 +0000  copying file ./MEI_MAB1211_V03D.zip ... 
2018-04-11 08:04:22 +0000  52601 bytes for ./MEI_MAB1211_V03D.zip
2018-04-11 08:04:22 +0000  copying file ./UnitController.nib ... 
2018-04-11 08:04:22 +0000  9007 bytes for ./UnitController.nib
2018-04-11 08:04:22 +0000  copying file ./change_watch_new@2x.png ... 
2018-04-11 08:04:22 +0000  203821 bytes for ./change_watch_new@2x.png
copying file ./time_setting@2x.png ... 
2018-04-11 08:04:22 +0000  1284 bytes for ./time_setting@2x.png
copying file ./line_partition_help@3x.png ... 
2018-04-11 08:04:22 +0000  1112 bytes for ./line_partition_help@3x.png
2018-04-11 08:04:22 +0000  copying file ./change_watch_icon@2x.png ... 
2018-04-11 08:04:22 +0000  897 bytes for ./change_watch_icon@2x.png
copying file ./run_circle_color@3x.png ... 
2018-04-11 08:04:22 +0000  14620 bytes for ./run_circle_color@3x.png
copying file ./PkgInfo ... 
2018-04-11 08:04:22 +0000  8 bytes for ./PkgInfo
copying file ./ActivitySleepPlusController.nib ... 
2018-04-11 08:04:22 +0000  9115 bytes for ./ActivitySleepPlusController.nib
2018-04-11 08:04:22 +0000  copying file ./my_frofile@2x.png ... 
2018-04-11 08:04:22 +0000  1171 bytes for ./my_frofile@2x.png
copying file ./btn_picker_time_nor@3x.png ... 
2018-04-11 08:04:22 +0000  1617 bytes for ./btn_picker_time_nor@3x.png
copying file ./fw_update_icon@2x.png ... 
2018-04-11 08:04:22 +0000  899 bytes for ./fw_update_icon@2x.png
copying file ./step_length_icon@3x.png ... 
2018-04-11 08:04:22 +0000  987 bytes for ./step_length_icon@3x.png
2018-04-11 08:04:22 +0000  copying file ./impulse_clock_sub@2x.png ... 
2018-04-11 08:04:22 +0000  132922 bytes for ./impulse_clock_sub@2x.png
copying file ./TimeSyncController.nib ... 
2018-04-11 08:04:22 +0000  6233 bytes for ./TimeSyncController.nib
2018-04-11 08:04:22 +0000  copying file ./IMController.nib ... 
2018-04-11 08:04:22 +0000  7416 bytes for ./IMController.nib
2018-04-11 08:04:22 +0000  copying file ./MyWatchTitleCell.nib ... 
2018-04-11 08:04:22 +0000  6461 bytes for ./MyWatchTitleCell.nib
copying file ./mike_ellis_logo@2x.png ... 
2018-04-11 08:04:22 +0000  10764 bytes for ./mike_ellis_logo@2x.png
2018-04-11 08:04:22 +0000  copying file ./goal_icon@3x.png ... 
2018-04-11 08:04:22 +0000  1268 bytes for ./goal_icon@3x.png
2018-04-11 08:04:22 +0000  copying file ./button_off_de@3x.png ... 
2018-04-11 08:04:22 +0000  3888 bytes for ./button_off_de@3x.png
copying file ./Mec ... 
2018-04-11 08:04:22 +0000  20808192 bytes for ./Mec
2018-04-11 08:04:22 +0000  copying file ./icon_battery_00@2x.png ... 
2018-04-11 08:04:22 +0000  436 bytes for ./icon_battery_00@2x.png
2018-04-11 08:04:22 +0000  copying file ./email_icon@3x.png ... 
2018-04-11 08:04:22 +0000  498 bytes for ./email_icon@3x.png
2018-04-11 08:04:22 +0000  
2018-04-11 08:04:22 +0000  
2018-04-11 08:04:22 +0000  /usr/bin/ditto exited with 0
2018-04-11 08:04:22 +0000  
2018-04-11 08:04:22 +0000  2018-04-11 08:04:22 +0000  Processing step: IDEDistributionEmbedProfileStep

2018-04-11 08:04:22 +0000  Skipping profile for item: <IDEDistributionItem: 0x7fa83fc7a5d0 'org.cocoapods.Zip' '<DVTFilePath:0x7fa852598a20:'/Users/Bani/Library/Developer/Xcode/Archives/2018-04-11/Spectre 2018-4-11, 3.56 PM.xcarchive/Products/Applications/Mec.app/Frameworks/Zip.framework'>'>
2018-04-11 08:04:22 +0000  Skipping profile for item: <IDEDistributionItem: 0x7fa85105d1f0 'org.cocoapods.iOSDFULibrary' '<DVTFilePath:0x7fa851791a40:'/Users/Bani/Library/Developer/Xcode/Archives/2018-04-11/Spectre 2018-4-11, 3.56 PM.xcarchive/Products/Applications/Mec.app/Frameworks/iOSDFULibrary.framework'>'>
2018-04-11 08:04:22 +0000  Skipping profile for item: <IDEDistributionItem: 0x7fa83c197a50 'com.apple.dt.runtime.swiftCore' '<DVTFilePath:0x7fa839107a20:'/Users/Bani/Library/Developer/Xcode/Archives/2018-04-11/Spectre 2018-4-11, 3.56 PM.xcarchive/Products/Applications/Mec.app/Frameworks/libswiftCore.dylib'>'>
2018-04-11 08:04:22 +0000  Skipping profile for item: <IDEDistributionItem: 0x7fa83c2c85e0 'com.apple.dt.runtime.swiftCoreFoundation' '<DVTFilePath:0x7fa851794dc0:'/Users/Bani/Library/Developer/Xcode/Archives/2018-04-11/Spectre 2018-4-11, 3.56 PM.xcarchive/Products/Applications/Mec.app/Frameworks/libswiftCoreFoundation.dylib'>'>
2018-04-11 08:04:22 +0000  Skipping profile for item: <IDEDistributionItem: 0x7fa83c2cf2c0 'com.apple.dt.runtime.swiftCoreGraphics' '<DVTFilePath:0x7fa83fe4f590:'/Users/Bani/Library/Developer/Xcode/Archives/2018-04-11/Spectre 2018-4-11, 3.56 PM.xcarchive/Products/Applications/Mec.app/Frameworks/libswiftCoreGraphics.dylib'>'>
2018-04-11 08:04:22 +0000  Skipping profile for item: <IDEDistributionItem: 0x7fa83ebea780 'com.apple.dt.runtime.swiftCoreImage' '<DVTFilePath:0x7fa85273a450:'/Users/Bani/Library/Developer/Xcode/Archives/2018-04-11/Spectre 2018-4-11, 3.56 PM.xcarchive/Products/Applications/Mec.app/Frameworks/libswiftCoreImage.dylib'>'>
2018-04-11 08:04:22 +0000  Skipping profile for item: <IDEDistributionItem: 0x7fa83ec6fff0 'com.apple.dt.runtime.swiftDarwin' '<DVTFilePath:0x7fa8395abe10:'/Users/Bani/Library/Developer/Xcode/Archives/2018-04-11/Spectre 2018-4-11, 3.56 PM.xcarchive/Products/Applications/Mec.app/Frameworks/libswiftDarwin.dylib'>'>
2018-04-11 08:04:22 +0000  Skipping profile for item: <IDEDistributionItem: 0x7fa83cbafbd0 'com.apple.dt.runtime.swiftDispatch' '<DVTFilePath:0x7fa83e9824a0:'/Users/Bani/Library/Developer/Xcode/Archives/2018-04-11/Spectre 2018-4-11, 3.56 PM.xcarchive/Products/Applications/Mec.app/Frameworks/libswiftDispatch.dylib'>'>
2018-04-11 08:04:22 +0000  Skipping profile for item: <IDEDistributionItem: 0x7fa83f94e810 'com.apple.dt.runtime.swiftFoundation' '<DVTFilePath:0x7fa833644490:'/Users/Bani/Library/Developer/Xcode/Archives/2018-04-11/Spectre 2018-4-11, 3.56 PM.xcarchive/Products/Applications/Mec.app/Frameworks/libswiftFoundation.dylib'>'>
2018-04-11 08:04:22 +0000  Skipping profile for item: <IDEDistributionItem: 0x7fa83fd4d8d0 'com.apple.dt.runtime.swiftMetal' '<DVTFilePath:0x7fa83eee4210:'/Users/Bani/Library/Developer/Xcode/Archives/2018-04-11/Spectre 2018-4-11, 3.56 PM.xcarchive/Products/Applications/Mec.app/Frameworks/libswiftMetal.dylib'>'>
2018-04-11 08:04:22 +0000  Skipping profile for item: <IDEDistributionItem: 0x7fa83c176a70 'com.apple.dt.runtime.swiftObjectiveC' '<DVTFilePath:0x7fa83a486d50:'/Users/Bani/Library/Developer/Xcode/Archives/2018-04-11/Spectre 2018-4-11, 3.56 PM.xcarchive/Products/Applications/Mec.app/Frameworks/libswiftObjectiveC.dylib'>'>
2018-04-11 08:04:22 +0000  Skipping profile for item: <IDEDistributionItem: 0x7fa83fe37c10 'com.apple.dt.runtime.swiftQuartzCore' '<DVTFilePath:0x7fa83f8aa170:'/Users/Bani/Library/Developer/Xcode/Archives/2018-04-11/Spectre 2018-4-11, 3.56 PM.xcarchive/Products/Applications/Mec.app/Frameworks/libswiftQuartzCore.dylib'>'>
2018-04-11 08:04:22 +0000  Skipping profile for item: <IDEDistributionItem: 0x7fa83fd4ddd0 'com.apple.dt.runtime.swiftUIKit' '<DVTFilePath:0x7fa83ecf66e0:'/Users/Bani/Library/Developer/Xcode/Archives/2018-04-11/Spectre 2018-4-11, 3.56 PM.xcarchive/Products/Applications/Mec.app/Frameworks/libswiftUIKit.dylib'>'>
2018-04-11 08:04:22 +0000  Skipping profile for item: <IDEDistributionItem: 0x7fa83fd3fd80 'com.apple.dt.runtime.swiftos' '<DVTFilePath:0x7fa85178f2c0:'/Users/Bani/Library/Developer/Xcode/Archives/2018-04-11/Spectre 2018-4-11, 3.56 PM.xcarchive/Products/Applications/Mec.app/Frameworks/libswiftos.dylib'>'>
2018-04-11 08:04:22 +0000  Processing step: IDEDistributionItemRemovalStep
2018-04-11 08:04:22 +0000  Processing step: IDEDistributionAppThinningPlistStep
2018-04-11 08:04:23 +0000  Skipping step: IDEDistributionAppThinningPlistStep because it said so
2018-04-11 08:04:23 +0000  Processing step: IDEDistributionCompileBitcodeStep
2018-04-11 08:04:23 +0000  Skipping step: IDEDistributionCompileBitcodeStep because it said so
2018-04-11 08:04:23 +0000  Processing step: IDEDistributionCodeSlimmingStep
2018-04-11 08:04:24 +0000  Processing step: IDEDistributionCopyBCSymbolMapsStep
2018-04-11 08:04:24 +0000  Running /usr/bin/ditto '-V' '/Users/Bani/Library/Developer/Xcode/Archives/2018-04-11/Spectre 2018-4-11, 3.56 PM.xcarchive/BCSymbolMaps/63EE7B6C-EFCF-35F0-962E-2CD00AC7673C.bcsymbolmap' '/var/folders/_8/56zvrpxx7fb0plklsx9n7y480000gn/T/XcodeDistPipeline.Pvh/Root/BCSymbolMaps/63EE7B6C-EFCF-35F0-962E-2CD00AC7673C.bcsymbolmap'
2018-04-11 08:04:24 +0000  >>> Copying /Users/Bani/Library/Developer/Xcode/Archives/2018-04-11/Spectre 2018-4-11, 3.56 PM.xcarchive/BCSymbolMaps/63EE7B6C-EFCF-35F0-962E-2CD00AC7673C.bcsymbolmap 
2018-04-11 08:04:24 +0000  copying file ./63EE7B6C-EFCF-35F0-962E-2CD00AC7673C.bcsymbolmap ... 
2018-04-11 08:04:24 +0000  66982 bytes for ./63EE7B6C-EFCF-35F0-962E-2CD00AC7673C.bcsymbolmap
2018-04-11 08:04:24 +0000  2018-04-11 08:04:24 +0000  

2018-04-11 08:04:24 +0000  /usr/bin/ditto exited with 0
2018-04-11 08:04:24 +0000  2018-04-11 08:04:24 +0000  

2018-04-11 08:04:24 +0000  Running /usr/bin/ditto '-V' '/Users/Bani/Library/Developer/Xcode/Archives/2018-04-11/Spectre 2018-4-11, 3.56 PM.xcarchive/BCSymbolMaps/3D73EED7-53BA-3533-B68C-42FB0130ED6E.bcsymbolmap' '/var/folders/_8/56zvrpxx7fb0plklsx9n7y480000gn/T/XcodeDistPipeline.Pvh/Root/BCSymbolMaps/3D73EED7-53BA-3533-B68C-42FB0130ED6E.bcsymbolmap'
2018-04-11 08:04:24 +0000  >>> Copying /Users/Bani/Library/Developer/Xcode/Archives/2018-04-11/Spectre 2018-4-11, 3.56 PM.xcarchive/BCSymbolMaps/3D73EED7-53BA-3533-B68C-42FB0130ED6E.bcsymbolmap 
2018-04-11 08:04:24 +0000  copying file ./3D73EED7-53BA-3533-B68C-42FB0130ED6E.bcsymbolmap ... 
2018-04-11 08:04:24 +0000  64394 bytes for ./3D73EED7-53BA-3533-B68C-42FB0130ED6E.bcsymbolmap
2018-04-11 08:04:24 +0000  
2018-04-11 08:04:24 +0000  2018-04-11 08:04:24 +0000  /usr/bin/ditto exited with 0
2018-04-11 08:04:24 +0000  

2018-04-11 08:04:24 +0000  Running /usr/bin/ditto '-V' '/Users/Bani/Library/Developer/Xcode/Archives/2018-04-11/Spectre 2018-4-11, 3.56 PM.xcarchive/BCSymbolMaps/376161B7-753C-38BD-9614-6529EB51993F.bcsymbolmap' '/var/folders/_8/56zvrpxx7fb0plklsx9n7y480000gn/T/XcodeDistPipeline.Pvh/Root/BCSymbolMaps/376161B7-753C-38BD-9614-6529EB51993F.bcsymbolmap'
2018-04-11 08:04:24 +0000  >>> Copying /Users/Bani/Library/Developer/Xcode/Archives/2018-04-11/Spectre 2018-4-11, 3.56 PM.xcarchive/BCSymbolMaps/376161B7-753C-38BD-9614-6529EB51993F.bcsymbolmap 
2018-04-11 08:04:24 +0000  copying file ./376161B7-753C-38BD-9614-6529EB51993F.bcsymbolmap ... 
2018-04-11 08:04:24 +0000  762151 bytes for ./376161B7-753C-38BD-9614-6529EB51993F.bcsymbolmap
2018-04-11 08:04:24 +0000  2018-04-11 08:04:24 +0000  

2018-04-11 08:04:24 +0000  /usr/bin/ditto exited with 0
2018-04-11 08:04:24 +0000  
2018-04-11 08:04:24 +0000  Running /usr/bin/ditto '-V' '/Users/Bani/Library/Developer/Xcode/Archives/2018-04-11/Spectre 2018-4-11, 3.56 PM.xcarchive/BCSymbolMaps/739FB78E-E553-3642-B9FB-CBB6BA5DF3A8.bcsymbolmap' '/var/folders/_8/56zvrpxx7fb0plklsx9n7y480000gn/T/XcodeDistPipeline.Pvh/Root/BCSymbolMaps/739FB78E-E553-3642-B9FB-CBB6BA5DF3A8.bcsymbolmap'
2018-04-11 08:04:24 +0000  >>> Copying /Users/Bani/Library/Developer/Xcode/Archives/2018-04-11/Spectre 2018-4-11, 3.56 PM.xcarchive/BCSymbolMaps/739FB78E-E553-3642-B9FB-CBB6BA5DF3A8.bcsymbolmap 
2018-04-11 08:04:24 +0000  copying file ./739FB78E-E553-3642-B9FB-CBB6BA5DF3A8.bcsymbolmap ... 
2018-04-11 08:04:24 +0000  759404 bytes for ./739FB78E-E553-3642-B9FB-CBB6BA5DF3A8.bcsymbolmap
2018-04-11 08:04:24 +0000  
2018-04-11 08:04:24 +0000  
2018-04-11 08:04:24 +0000  2018-04-11 08:04:24 +0000  /usr/bin/ditto exited with 0
2018-04-11 08:04:24 +0000  

2018-04-11 08:04:25 +0000  Running /usr/bin/ditto '-V' '/Users/Bani/Library/Developer/Xcode/Archives/2018-04-11/Spectre 2018-4-11, 3.56 PM.xcarchive/BCSymbolMaps/1A67C6A6-9350-30CA-9C78-E26E196C265D.bcsymbolmap' '/var/folders/_8/56zvrpxx7fb0plklsx9n7y480000gn/T/XcodeDistPipeline.Pvh/Root/BCSymbolMaps/1A67C6A6-9350-30CA-9C78-E26E196C265D.bcsymbolmap'
2018-04-11 08:04:25 +0000  >>> Copying /Users/Bani/Library/Developer/Xcode/Archives/2018-04-11/Spectre 2018-4-11, 3.56 PM.xcarchive/BCSymbolMaps/1A67C6A6-9350-30CA-9C78-E26E196C265D.bcsymbolmap 
2018-04-11 08:04:25 +0000  copying file ./1A67C6A6-9350-30CA-9C78-E26E196C265D.bcsymbolmap ... 
2018-04-11 08:04:25 +0000  349089 bytes for ./1A67C6A6-9350-30CA-9C78-E26E196C265D.bcsymbolmap
2018-04-11 08:04:25 +0000  2018-04-11 08:04:25 +0000  
2018-04-11 08:04:25 +0000  /usr/bin/ditto exited with 0
2018-04-11 08:04:25 +0000  

2018-04-11 08:04:25 +0000  Running /usr/bin/ditto '-V' '/Users/Bani/Library/Developer/Xcode/Archives/2018-04-11/Spectre 2018-4-11, 3.56 PM.xcarchive/BCSymbolMaps/2020913E-18C3-306F-B635-0C0714463395.bcsymbolmap' '/var/folders/_8/56zvrpxx7fb0plklsx9n7y480000gn/T/XcodeDistPipeline.Pvh/Root/BCSymbolMaps/2020913E-18C3-306F-B635-0C0714463395.bcsymbolmap'
2018-04-11 08:04:25 +0000  >>> Copying /Users/Bani/Library/Developer/Xcode/Archives/2018-04-11/Spectre 2018-4-11, 3.56 PM.xcarchive/BCSymbolMaps/2020913E-18C3-306F-B635-0C0714463395.bcsymbolmap 
2018-04-11 08:04:25 +0000  copying file ./2020913E-18C3-306F-B635-0C0714463395.bcsymbolmap ... 
2018-04-11 08:04:25 +0000  346050 bytes for ./2020913E-18C3-306F-B635-0C0714463395.bcsymbolmap
2018-04-11 08:04:25 +0000  
2018-04-11 08:04:25 +0000  
2018-04-11 08:04:25 +0000  2018-04-11 08:04:25 +0000  2018-04-11 08:04:25 +0000  /usr/bin/ditto exited with 0


2018-04-11 08:04:25 +0000  Processing step: IDEDistributionSymbolsStep
2018-04-11 08:04:25 +0000  Excluding symbols for Zip.framework
2018-04-11 08:04:25 +0000  Excluding symbols for iOSDFULibrary.framework
2018-04-11 08:04:25 +0000  Processing symbols for libswiftCore.dylib
2018-04-11 08:04:25 +0000  Running /usr/bin/rsync '-8aPhhE' '/var/folders/_8/56zvrpxx7fb0plklsx9n7y480000gn/T/XcodeDistPipeline.Pvh/Root/Payload/Mec.app/Frameworks/libswiftCore.dylib' '--link-dest' '/var/folders/_8/56zvrpxx7fb0plklsx9n7y480000gn/T/XcodeDistPipeline.Pvh/Root/Payload/Mec.app/Frameworks' '/var/folders/_8/56zvrpxx7fb0plklsx9n7y480000gn/T/XcodeDistPipeline.Pvh'
2018-04-11 08:04:25 +0000  building file list ... 
2018-04-11 08:04:25 +0000   0 files...2018-04-11 08:04:25 +0000  1 file to consider
2018-04-11 08:04:25 +0000  
2018-04-11 08:04:25 +0000  sent 89 bytes  received 20 bytes  218.00 bytes/sec
total size is 63.54M  speedup is 611280.59
2018-04-11 08:04:25 +0000  
2018-04-11 08:04:25 +0000  
2018-04-11 08:04:25 +0000  /usr/bin/rsync exited with 0
2018-04-11 08:04:25 +0000  
2018-04-11 08:04:25 +0000  Running /usr/bin/rsync '-8aPhhE' '/Users/Bani/Library/Developer/Xcode/Archives/2018-04-11/Spectre 2018-4-11, 3.56 PM.xcarchive/dSYMs/' '--link-dest' '/Users/Bani/Library/Developer/Xcode/Archives/2018-04-11/Spectre 2018-4-11, 3.56 PM.xcarchive/dSYMs/' '/var/folders/_8/56zvrpxx7fb0plklsx9n7y480000gn/T/XcodeDistPipeline.Pvh'
2018-04-11 08:04:25 +0000  building file list ... 
2018-04-11 08:04:25 +0000   0 files...2018-04-11 08:04:25 +0000  19 files to consider
2018-04-11 08:04:25 +0000  ./
2018-04-11 08:04:25 +0000  Mec.app.dSYM/
2018-04-11 08:04:25 +0000  Mec.app.dSYM/Contents/
Mec.app.dSYM/Contents/Resources/
Mec.app.dSYM/Contents/Resources/DWARF/
Zip.framework.dSYM/
Zip.framework.dSYM/Contents/
Zip.framework.dSYM/Contents/Resources/
Zip.framework.dSYM/Contents/Resources/DWARF/
iOSDFULibrary.framework.dSYM/
iOSDFULibrary.framework.dSYM/Contents/
iOSDFULibrary.framework.dSYM/Contents/Resources/
iOSDFULibrary.framework.dSYM/Contents/Resources/DWARF/
2018-04-11 08:04:25 +0000  
sent 630 bytes  received 98 bytes  1.42K bytes/sec
total size is 14.08M  speedup is 20284.80
2018-04-11 08:04:25 +0000  
2018-04-11 08:04:25 +0000  
2018-04-11 08:04:25 +0000  2018-04-11 08:04:25 +0000  
2018-04-11 08:04:25 +0000  /usr/bin/rsync exited with 0
2018-04-11 08:04:25 +0000  

2018-04-11 08:04:25 +0000  Running /Applications/Xcode.app/Contents/Developer/usr/bin/symbols '-noTextInSOD' '-noDaemon' '-arch' 'all' '-symbolsPackageDir' '/var/folders/_8/56zvrpxx7fb0plklsx9n7y480000gn/T/XcodeDistPipeline.Pvh/Symbols' '/var/folders/_8/56zvrpxx7fb0plklsx9n7y480000gn/T/XcodeDistPipeline.Pvh/libswiftCore.dylib'
2018-04-11 08:04:26 +0000  /var/folders/_8/56zvrpxx7fb0plklsx9n7y480000gn/T/XcodeDistPipeline.Pvh/libswiftCore.dylib [armv7, 0.432672 seconds]:
/var/folders/_8/56zvrpxx7fb0plklsx9n7y480000gn/T/XcodeDistPipeline.Pvh/libswiftCore.dylib [armv7s, 0.432672 seconds]:
/var/folders/_8/56zvrpxx7fb0plklsx9n7y480000gn/T/XcodeDistPipeline.Pvh/libswiftCore.dylib [arm64, 0.432672 seconds]:
2018-04-11 08:04:26 +0000  
2018-04-11 08:04:26 +0000  
2018-04-11 08:04:26 +0000  /Applications/Xcode.app/Contents/Developer/usr/bin/symbols exited with 0
2018-04-11 08:04:26 +0000  2018-04-11 08:04:26 +0000  

2018-04-11 08:04:26 +0000  Processing symbols for libswiftCoreFoundation.dylib
2018-04-11 08:04:26 +0000  Running /usr/bin/rsync '-8aPhhE' '/var/folders/_8/56zvrpxx7fb0plklsx9n7y480000gn/T/XcodeDistPipeline.Pvh/Root/Payload/Mec.app/Frameworks/libswiftCoreFoundation.dylib' '--link-dest' '/var/folders/_8/56zvrpxx7fb0plklsx9n7y480000gn/T/XcodeDistPipeline.Pvh/Root/Payload/Mec.app/Frameworks' '/var/folders/_8/56zvrpxx7fb0plklsx9n7y480000gn/T/XcodeDistPipeline.Pvh'
2018-04-11 08:04:26 +0000  building file list ... 
2018-04-11 08:04:26 +0000   0 files...2018-04-11 08:04:26 +0000  1 file to consider
2018-04-11 08:04:26 +0000  
sent 99 bytes  received 20 bytes  238.00 bytes/sec
total size is 251.70K  speedup is 2165.92
2018-04-11 08:04:26 +0000  
2018-04-11 08:04:26 +0000  
2018-04-11 08:04:26 +0000  
2018-04-11 08:04:26 +0000  /usr/bin/rsync exited with 0
2018-04-11 08:04:26 +0000  2018-04-11 08:04:26 +0000  

2018-04-11 08:04:26 +0000  Running /usr/bin/rsync '-8aPhhE' '/Users/Bani/Library/Developer/Xcode/Archives/2018-04-11/Spectre 2018-4-11, 3.56 PM.xcarchive/dSYMs/' '--link-dest' '/Users/Bani/Library/Developer/Xcode/Archives/2018-04-11/Spectre 2018-4-11, 3.56 PM.xcarchive/dSYMs/' '/var/folders/_8/56zvrpxx7fb0plklsx9n7y480000gn/T/XcodeDistPipeline.Pvh'
2018-04-11 08:04:26 +0000  building file list ... 
2018-04-11 08:04:26 +0000   0 files...2018-04-11 08:04:26 +0000  19 files to consider
2018-04-11 08:04:26 +0000  ./
2018-04-11 08:04:26 +0000  Mec.app.dSYM/
Mec.app.dSYM/Contents/
2018-04-11 08:04:26 +0000  Mec.app.dSYM/Contents/Resources/
Mec.app.dSYM/Contents/Resources/DWARF/
Zip.framework.dSYM/
Zip.framework.dSYM/Contents/
Zip.framework.dSYM/Contents/Resources/
Zip.framework.dSYM/Contents/Resources/DWARF/
iOSDFULibrary.framework.dSYM/
iOSDFULibrary.framework.dSYM/Contents/
iOSDFULibrary.framework.dSYM/Contents/Resources/
iOSDFULibrary.framework.dSYM/Contents/Resources/DWARF/
2018-04-11 08:04:26 +0000  
2018-04-11 08:04:26 +0000  sent 666 bytes  received 134 bytes  1.56K bytes/sec
total size is 14.08M  speedup is 18459.16
2018-04-11 08:04:26 +0000  
2018-04-11 08:04:26 +0000  
2018-04-11 08:04:26 +0000  /usr/bin/rsync exited with 0
2018-04-11 08:04:26 +0000  2018-04-11 08:04:26 +0000  

2018-04-11 08:04:26 +0000  Running /Applications/Xcode.app/Contents/Developer/usr/bin/symbols '-noTextInSOD' '-noDaemon' '-arch' 'all' '-symbolsPackageDir' '/var/folders/_8/56zvrpxx7fb0plklsx9n7y480000gn/T/XcodeDistPipeline.Pvh/Symbols' '/var/folders/_8/56zvrpxx7fb0plklsx9n7y480000gn/T/XcodeDistPipeline.Pvh/libswiftCoreFoundation.dylib'
2018-04-11 08:04:26 +0000  /var/folders/_8/56zvrpxx7fb0plklsx9n7y480000gn/T/XcodeDistPipeline.Pvh/libswiftCoreFoundation.dylib [armv7, 0.001561 seconds]:
/var/folders/_8/56zvrpxx7fb0plklsx9n7y480000gn/T/XcodeDistPipeline.Pvh/libswiftCoreFoundation.dylib [armv7s, 0.001561 seconds]:
/var/folders/_8/56zvrpxx7fb0plklsx9n7y480000gn/T/XcodeDistPipeline.Pvh/libswiftCoreFoundation.dylib [arm64, 0.001561 seconds]:
2018-04-11 08:04:26 +0000  
2018-04-11 08:04:26 +0000  
2018-04-11 08:04:26 +0000  2018-04-11 08:04:26 +0000  /Applications/Xcode.app/Contents/Developer/usr/bin/symbols exited with 0
2018-04-11 08:04:26 +0000  

2018-04-11 08:04:26 +0000  
2018-04-11 08:04:26 +0000  Processing symbols for libswiftCoreGraphics.dylib
2018-04-11 08:04:26 +0000  Running /usr/bin/rsync '-8aPhhE' '/var/folders/_8/56zvrpxx7fb0plklsx9n7y480000gn/T/XcodeDistPipeline.Pvh/Root/Payload/Mec.app/Frameworks/libswiftCoreGraphics.dylib' '--link-dest' '/var/folders/_8/56zvrpxx7fb0plklsx9n7y480000gn/T/XcodeDistPipeline.Pvh/Root/Payload/Mec.app/Frameworks' '/var/folders/_8/56zvrpxx7fb0plklsx9n7y480000gn/T/XcodeDistPipeline.Pvh'
2018-04-11 08:04:26 +0000  building file list ... 
2018-04-11 08:04:26 +0000   0 files...2018-04-11 08:04:26 +0000  1 file to consider
2018-04-11 08:04:26 +0000  
sent 97 bytes  received 20 bytes  234.00 bytes/sec
total size is 1.55M  speedup is 13919.32
2018-04-11 08:04:26 +0000  
2018-04-11 08:04:26 +0000  2018-04-11 08:04:26 +0000  /usr/bin/rsync exited with 0
2018-04-11 08:04:26 +0000  

2018-04-11 08:04:26 +0000  Running /usr/bin/rsync '-8aPhhE' '/Users/Bani/Library/Developer/Xcode/Archives/2018-04-11/Spectre 2018-4-11, 3.56 PM.xcarchive/dSYMs/' '--link-dest' '/Users/Bani/Library/Developer/Xcode/Archives/2018-04-11/Spectre 2018-4-11, 3.56 PM.xcarchive/dSYMs/' '/var/folders/_8/56zvrpxx7fb0plklsx9n7y480000gn/T/XcodeDistPipeline.Pvh'
2018-04-11 08:04:26 +0000  building file list ... 
2018-04-11 08:04:26 +0000   0 files...2018-04-11 08:04:26 +0000  19 files to consider
2018-04-11 08:04:26 +0000  ./
2018-04-11 08:04:26 +0000  Mec.app.dSYM/
Mec.app.dSYM/Contents/
Mec.app.dSYM/Contents/Resources/
Mec.app.dSYM/Contents/Resources/DWARF/
Zip.framework.dSYM/
Zip.framework.dSYM/Contents/
Zip.framework.dSYM/Contents/Resources/
2018-04-11 08:04:26 +0000  Zip.framework.dSYM/Contents/Resources/DWARF/
iOSDFULibrary.framework.dSYM/
iOSDFULibrary.framework.dSYM/Contents/
iOSDFULibrary.framework.dSYM/Contents/Resources/
iOSDFULibrary.framework.dSYM/Contents/Resources/DWARF/
2018-04-11 08:04:26 +0000  
sent 666 bytes  received 134 bytes  1.56K bytes/sec
total size is 14.08M  speedup is 18459.16
2018-04-11 08:04:26 +0000  
2018-04-11 08:04:26 +0000  2018-04-11 08:04:26 +0000  
2018-04-11 08:04:26 +0000  /usr/bin/rsync exited with 0

2018-04-11 08:04:26 +0000  
2018-04-11 08:04:26 +0000  Running /Applications/Xcode.app/Contents/Developer/usr/bin/symbols '-noTextInSOD' '-noDaemon' '-arch' 'all' '-symbolsPackageDir' '/var/folders/_8/56zvrpxx7fb0plklsx9n7y480000gn/T/XcodeDistPipeline.Pvh/Symbols' '/var/folders/_8/56zvrpxx7fb0plklsx9n7y480000gn/T/XcodeDistPipeline.Pvh/libswiftCoreGraphics.dylib'
2018-04-11 08:04:26 +0000  /var/folders/_8/56zvrpxx7fb0plklsx9n7y480000gn/T/XcodeDistPipeline.Pvh/libswiftCoreGraphics.dylib [armv7, 0.011590 seconds]:
/var/folders/_8/56zvrpxx7fb0plklsx9n7y480000gn/T/XcodeDistPipeline.Pvh/libswiftCoreGraphics.dylib [armv7s, 0.011590 seconds]:
/var/folders/_8/56zvrpxx7fb0plklsx9n7y480000gn/T/XcodeDistPipeline.Pvh/libswiftCoreGraphics.dylib [arm64, 0.011590 seconds]:
2018-04-11 08:04:26 +0000  
2018-04-11 08:04:26 +0000  2018-04-11 08:04:26 +0000  /Applications/Xcode.app/Contents/Developer/usr/bin/symbols exited with 0
2018-04-11 08:04:26 +0000  

2018-04-11 08:04:26 +0000  Processing symbols for libswiftCoreImage.dylib
2018-04-11 08:04:26 +0000  Running /usr/bin/rsync '-8aPhhE' '/var/folders/_8/56zvrpxx7fb0plklsx9n7y480000gn/T/XcodeDistPipeline.Pvh/Root/Payload/Mec.app/Frameworks/libswiftCoreImage.dylib' '--link-dest' '/var/folders/_8/56zvrpxx7fb0plklsx9n7y480000gn/T/XcodeDistPipeline.Pvh/Root/Payload/Mec.app/Frameworks' '/var/folders/_8/56zvrpxx7fb0plklsx9n7y480000gn/T/XcodeDistPipeline.Pvh'
2018-04-11 08:04:26 +0000  building file list ... 
2018-04-11 08:04:26 +0000   0 files...2018-04-11 08:04:26 +0000  1 file to consider
2018-04-11 08:04:26 +0000  
2018-04-11 08:04:26 +0000  sent 94 bytes  received 20 bytes  228.00 bytes/sec
total size is 300.44K  speedup is 2698.67
2018-04-11 08:04:26 +0000  
2018-04-11 08:04:26 +0000  
2018-04-11 08:04:26 +0000  /usr/bin/rsync exited with 0
2018-04-11 08:04:26 +0000  
2018-04-11 08:04:26 +0000  2018-04-11 08:04:26 +0000  Running /usr/bin/rsync '-8aPhhE' '/Users/Bani/Library/Developer/Xcode/Archives/2018-04-11/Spectre 2018-4-11, 3.56 PM.xcarchive/dSYMs/' '--link-dest' '/Users/Bani/Library/Developer/Xcode/Archives/2018-04-11/Spectre 2018-4-11, 3.56 PM.xcarchive/dSYMs/' '/var/folders/_8/56zvrpxx7fb0plklsx9n7y480000gn/T/XcodeDistPipeline.Pvh'

2018-04-11 08:04:26 +0000  building file list ... 
2018-04-11 08:04:26 +0000   0 files...2018-04-11 08:04:26 +0000  19 files to consider
2018-04-11 08:04:26 +0000  ./
2018-04-11 08:04:26 +0000  Mec.app.dSYM/
Mec.app.dSYM/Contents/
Mec.app.dSYM/Contents/Resources/
Mec.app.dSYM/Contents/Resources/DWARF/
Zip.framework.dSYM/
Zip.framework.dSYM/Contents/
Zip.framework.dSYM/Contents/Resources/
Zip.framework.dSYM/Contents/Resources/DWARF/
iOSDFULibrary.framework.dSYM/
iOSDFULibrary.framework.dSYM/Contents/
iOSDFULibrary.framework.dSYM/Contents/Resources/
2018-04-11 08:04:26 +0000  iOSDFULibrary.framework.dSYM/Contents/Resources/DWARF/
2018-04-11 08:04:26 +0000  
sent 666 bytes  received 134 bytes  1.56K bytes/sec
total size is 14.08M  speedup is 18459.16
2018-04-11 08:04:26 +0000  
2018-04-11 08:04:26 +0000  
2018-04-11 08:04:26 +0000  /usr/bin/rsync exited with 0
2018-04-11 08:04:26 +0000  2018-04-11 08:04:26 +0000  

2018-04-11 08:04:26 +0000  Running /Applications/Xcode.app/Contents/Developer/usr/bin/symbols '-noTextInSOD' '-noDaemon' '-arch' 'all' '-symbolsPackageDir' '/var/folders/_8/56zvrpxx7fb0plklsx9n7y480000gn/T/XcodeDistPipeline.Pvh/Symbols' '/var/folders/_8/56zvrpxx7fb0plklsx9n7y480000gn/T/XcodeDistPipeline.Pvh/libswiftCoreImage.dylib'
2018-04-11 08:04:26 +0000  /var/folders/_8/56zvrpxx7fb0plklsx9n7y480000gn/T/XcodeDistPipeline.Pvh/libswiftCoreImage.dylib [armv7, 0.003408 seconds]:
/var/folders/_8/56zvrpxx7fb0plklsx9n7y480000gn/T/XcodeDistPipeline.Pvh/libswiftCoreImage.dylib [armv7s, 0.003408 seconds]:
/var/folders/_8/56zvrpxx7fb0plklsx9n7y480000gn/T/XcodeDistPipeline.Pvh/libswiftCoreImage.dylib [arm64, 0.003408 seconds]:
2018-04-11 08:04:26 +0000  
2018-04-11 08:04:26 +0000  
2018-04-11 08:04:26 +0000  2018-04-11 08:04:26 +0000  /Applications/Xcode.app/Contents/Developer/usr/bin/symbols exited with 0

2018-04-11 08:04:26 +0000  
2018-04-11 08:04:27 +0000  Processing symbols for libswiftDarwin.dylib
2018-04-11 08:04:27 +0000  Running /usr/bin/rsync '-8aPhhE' '/var/folders/_8/56zvrpxx7fb0plklsx9n7y480000gn/T/XcodeDistPipeline.Pvh/Root/Payload/Mec.app/Frameworks/libswiftDarwin.dylib' '--link-dest' '/var/folders/_8/56zvrpxx7fb0plklsx9n7y480000gn/T/XcodeDistPipeline.Pvh/Root/Payload/Mec.app/Frameworks' '/var/folders/_8/56zvrpxx7fb0plklsx9n7y480000gn/T/XcodeDistPipeline.Pvh'
2018-04-11 08:04:27 +0000  building file list ... 
2018-04-11 08:04:27 +0000   0 files...2018-04-11 08:04:27 +0000  1 file to consider
2018-04-11 08:04:27 +0000  
sent 91 bytes  received 20 bytes  222.00 bytes/sec
total size is 819.08K  speedup is 7556.18
2018-04-11 08:04:27 +0000  
2018-04-11 08:04:27 +0000  
2018-04-11 08:04:27 +0000  /usr/bin/rsync exited with 0
2018-04-11 08:04:27 +0000  
2018-04-11 08:04:27 +0000  2018-04-11 08:04:27 +0000  Running /usr/bin/rsync '-8aPhhE' '/Users/Bani/Library/Developer/Xcode/Archives/2018-04-11/Spectre 2018-4-11, 3.56 PM.xcarchive/dSYMs/' '--link-dest' '/Users/Bani/Library/Developer/Xcode/Archives/2018-04-11/Spectre 2018-4-11, 3.56 PM.xcarchive/dSYMs/' '/var/folders/_8/56zvrpxx7fb0plklsx9n7y480000gn/T/XcodeDistPipeline.Pvh'

2018-04-11 08:04:27 +0000  building file list ... 
2018-04-11 08:04:27 +0000   0 files...2018-04-11 08:04:27 +0000  19 files to consider
2018-04-11 08:04:27 +0000  ./
2018-04-11 08:04:27 +0000  Mec.app.dSYM/
Mec.app.dSYM/Contents/
Mec.app.dSYM/Contents/Resources/
Mec.app.dSYM/Contents/Resources/DWARF/
Zip.framework.dSYM/
2018-04-11 08:04:27 +0000  Zip.framework.dSYM/Contents/
Zip.framework.dSYM/Contents/Resources/
Zip.framework.dSYM/Contents/Resources/DWARF/
iOSDFULibrary.framework.dSYM/
iOSDFULibrary.framework.dSYM/Contents/
iOSDFULibrary.framework.dSYM/Contents/Resources/
iOSDFULibrary.framework.dSYM/Contents/Resources/DWARF/
2018-04-11 08:04:27 +0000  
sent 666 bytes  received 134 bytes  1.56K bytes/sec
total size is 14.08M  speedup is 18459.16
2018-04-11 08:04:27 +0000  
2018-04-11 08:04:27 +0000  2018-04-11 08:04:27 +0000  /usr/bin/rsync exited with 0
2018-04-11 08:04:27 +0000  

2018-04-11 08:04:27 +0000  Running /Applications/Xcode.app/Contents/Developer/usr/bin/symbols '-noTextInSOD' '-noDaemon' '-arch' 'all' '-symbolsPackageDir' '/var/folders/_8/56zvrpxx7fb0plklsx9n7y480000gn/T/XcodeDistPipeline.Pvh/Symbols' '/var/folders/_8/56zvrpxx7fb0plklsx9n7y480000gn/T/XcodeDistPipeline.Pvh/libswiftDarwin.dylib'
2018-04-11 08:04:27 +0000  /var/folders/_8/56zvrpxx7fb0plklsx9n7y480000gn/T/XcodeDistPipeline.Pvh/libswiftDarwin.dylib [armv7, 0.005666 seconds]:
/var/folders/_8/56zvrpxx7fb0plklsx9n7y480000gn/T/XcodeDistPipeline.Pvh/libswiftDarwin.dylib [armv7s, 0.005666 seconds]:
/var/folders/_8/56zvrpxx7fb0plklsx9n7y480000gn/T/XcodeDistPipeline.Pvh/libswiftDarwin.dylib [arm64, 0.005666 seconds]:
2018-04-11 08:04:27 +0000  
2018-04-11 08:04:27 +0000  
2018-04-11 08:04:27 +0000  /Applications/Xcode.app/Contents/Developer/usr/bin/symbols exited with 02018-04-11 08:04:27 +0000  

2018-04-11 08:04:27 +0000  
2018-04-11 08:04:27 +0000  Processing symbols for libswiftDispatch.dylib
2018-04-11 08:04:27 +0000  Running /usr/bin/rsync '-8aPhhE' '/var/folders/_8/56zvrpxx7fb0plklsx9n7y480000gn/T/XcodeDistPipeline.Pvh/Root/Payload/Mec.app/Frameworks/libswiftDispatch.dylib' '--link-dest' '/var/folders/_8/56zvrpxx7fb0plklsx9n7y480000gn/T/XcodeDistPipeline.Pvh/Root/Payload/Mec.app/Frameworks' '/var/folders/_8/56zvrpxx7fb0plklsx9n7y480000gn/T/XcodeDistPipeline.Pvh'
2018-04-11 08:04:27 +0000  building file list ... 
 0 files...2018-04-11 08:04:27 +0000  1 file to consider
2018-04-11 08:04:27 +0000  
sent 93 bytes  received 20 bytes  226.00 bytes/sec
total size is 2.60M  speedup is 24091.19
2018-04-11 08:04:27 +0000  
2018-04-11 08:04:27 +0000  
2018-04-11 08:04:27 +0000  /usr/bin/rsync exited with 0
2018-04-11 08:04:27 +0000  
2018-04-11 08:04:27 +0000  2018-04-11 08:04:27 +0000  Running /usr/bin/rsync '-8aPhhE' '/Users/Bani/Library/Developer/Xcode/Archives/2018-04-11/Spectre 2018-4-11, 3.56 PM.xcarchive/dSYMs/' '--link-dest' '/Users/Bani/Library/Developer/Xcode/Archives/2018-04-11/Spectre 2018-4-11, 3.56 PM.xcarchive/dSYMs/' '/var/folders/_8/56zvrpxx7fb0plklsx9n7y480000gn/T/XcodeDistPipeline.Pvh'

2018-04-11 08:04:27 +0000  building file list ... 
2018-04-11 08:04:27 +0000   0 files...2018-04-11 08:04:27 +0000  19 files to consider
2018-04-11 08:04:27 +0000  ./
2018-04-11 08:04:27 +0000  Mec.app.dSYM/
Mec.app.dSYM/Contents/
Mec.app.dSYM/Contents/Resources/
Mec.app.dSYM/Contents/Resources/DWARF/
2018-04-11 08:04:27 +0000  Zip.framework.dSYM/
Zip.framework.dSYM/Contents/
Zip.framework.dSYM/Contents/Resources/
Zip.framework.dSYM/Contents/Resources/DWARF/
iOSDFULibrary.framework.dSYM/
iOSDFULibrary.framework.dSYM/Contents/
iOSDFULibrary.framework.dSYM/Contents/Resources/
iOSDFULibrary.framework.dSYM/Contents/Resources/DWARF/
2018-04-11 08:04:27 +0000  
sent 666 bytes  received 134 bytes  1.56K bytes/sec
total size is 14.08M  speedup is 18459.16
2018-04-11 08:04:27 +0000  
2018-04-11 08:04:27 +0000  2018-04-11 08:04:27 +0000  /usr/bin/rsync exited with 0

2018-04-11 08:04:27 +0000  
2018-04-11 08:04:27 +0000  Running /Applications/Xcode.app/Contents/Developer/usr/bin/symbols '-noTextInSOD' '-noDaemon' '-arch' 'all' '-symbolsPackageDir' '/var/folders/_8/56zvrpxx7fb0plklsx9n7y480000gn/T/XcodeDistPipeline.Pvh/Symbols' '/var/folders/_8/56zvrpxx7fb0plklsx9n7y480000gn/T/XcodeDistPipeline.Pvh/libswiftDispatch.dylib'
2018-04-11 08:04:27 +0000  /var/folders/_8/56zvrpxx7fb0plklsx9n7y480000gn/T/XcodeDistPipeline.Pvh/libswiftDispatch.dylib [armv7, 0.030645 seconds]:
/var/folders/_8/56zvrpxx7fb0plklsx9n7y480000gn/T/XcodeDistPipeline.Pvh/libswiftDispatch.dylib [armv7s, 0.030645 seconds]:
/var/folders/_8/56zvrpxx7fb0plklsx9n7y480000gn/T/XcodeDistPipeline.Pvh/libswiftDispatch.dylib [arm64, 0.030645 seconds]:
2018-04-11 08:04:27 +0000  
2018-04-11 08:04:27 +0000  
2018-04-11 08:04:27 +0000  /Applications/Xcode.app/Contents/Developer/usr/bin/symbols exited with 0
2018-04-11 08:04:27 +0000  
2018-04-11 08:04:27 +0000  
2018-04-11 08:04:27 +0000  Processing symbols for libswiftFoundation.dylib
2018-04-11 08:04:27 +0000  Running /usr/bin/rsync '-8aPhhE' '/var/folders/_8/56zvrpxx7fb0plklsx9n7y480000gn/T/XcodeDistPipeline.Pvh/Root/Payload/Mec.app/Frameworks/libswiftFoundation.dylib' '--link-dest' '/var/folders/_8/56zvrpxx7fb0plklsx9n7y480000gn/T/XcodeDistPipeline.Pvh/Root/Payload/Mec.app/Frameworks' '/var/folders/_8/56zvrpxx7fb0plklsx9n7y480000gn/T/XcodeDistPipeline.Pvh'
2018-04-11 08:04:27 +0000  building file list ... 
2018-04-11 08:04:27 +0000   0 files...2018-04-11 08:04:27 +0000  1 file to consider
2018-04-11 08:04:27 +0000  
sent 95 bytes  received 20 bytes  230.00 bytes/sec
total size is 28.74M  speedup is 262012.10
2018-04-11 08:04:27 +0000  
2018-04-11 08:04:27 +0000  
2018-04-11 08:04:27 +0000  /usr/bin/rsync exited with 0
2018-04-11 08:04:27 +0000  2018-04-11 08:04:27 +0000  

2018-04-11 08:04:27 +0000  Running /usr/bin/rsync '-8aPhhE' '/Users/Bani/Library/Developer/Xcode/Archives/2018-04-11/Spectre 2018-4-11, 3.56 PM.xcarchive/dSYMs/' '--link-dest' '/Users/Bani/Library/Developer/Xcode/Archives/2018-04-11/Spectre 2018-4-11, 3.56 PM.xcarchive/dSYMs/' '/var/folders/_8/56zvrpxx7fb0plklsx9n7y480000gn/T/XcodeDistPipeline.Pvh'
2018-04-11 08:04:27 +0000  building file list ... 
2018-04-11 08:04:27 +0000   0 files...2018-04-11 08:04:27 +0000  19 files to consider
2018-04-11 08:04:27 +0000  ./
2018-04-11 08:04:27 +0000  Mec.app.dSYM/
Mec.app.dSYM/Contents/
Mec.app.dSYM/Contents/Resources/
Mec.app.dSYM/Contents/Resources/DWARF/
Zip.framework.dSYM/
Zip.framework.dSYM/Contents/
Zip.framework.dSYM/Contents/Resources/
2018-04-11 08:04:27 +0000  Zip.framework.dSYM/Contents/Resources/DWARF/
iOSDFULibrary.framework.dSYM/
iOSDFULibrary.framework.dSYM/Contents/
iOSDFULibrary.framework.dSYM/Contents/Resources/
iOSDFULibrary.framework.dSYM/Contents/Resources/DWARF/
2018-04-11 08:04:27 +0000  
sent 666 bytes  received 134 bytes  1.56K bytes/sec
total size is 14.08M  speedup is 18459.16
2018-04-11 08:04:27 +0000  
2018-04-11 08:04:27 +0000  
2018-04-11 08:04:27 +0000  /usr/bin/rsync exited with 0
2018-04-11 08:04:27 +0000  
2018-04-11 08:04:27 +0000  
2018-04-11 08:04:27 +0000  Running /Applications/Xcode.app/Contents/Developer/usr/bin/symbols '-noTextInSOD' '-noDaemon' '-arch' 'all' '-symbolsPackageDir' '/var/folders/_8/56zvrpxx7fb0plklsx9n7y480000gn/T/XcodeDistPipeline.Pvh/Symbols' '/var/folders/_8/56zvrpxx7fb0plklsx9n7y480000gn/T/XcodeDistPipeline.Pvh/libswiftFoundation.dylib'
2018-04-11 08:04:27 +0000  /var/folders/_8/56zvrpxx7fb0plklsx9n7y480000gn/T/XcodeDistPipeline.Pvh/libswiftFoundation.dylib [armv7, 0.181574 seconds]:
/var/folders/_8/56zvrpxx7fb0plklsx9n7y480000gn/T/XcodeDistPipeline.Pvh/libswiftFoundation.dylib [armv7s, 0.181574 seconds]:
/var/folders/_8/56zvrpxx7fb0plklsx9n7y480000gn/T/XcodeDistPipeline.Pvh/libswiftFoundation.dylib [arm64, 0.181574 seconds]:
2018-04-11 08:04:27 +0000  
2018-04-11 08:04:27 +0000  2018-04-11 08:04:27 +0000  /Applications/Xcode.app/Contents/Developer/usr/bin/symbols exited with 0

2018-04-11 08:04:27 +0000  
2018-04-11 08:04:27 +0000  Processing symbols for libswiftMetal.dylib
2018-04-11 08:04:27 +0000  Running /usr/bin/rsync '-8aPhhE' '/var/folders/_8/56zvrpxx7fb0plklsx9n7y480000gn/T/XcodeDistPipeline.Pvh/Root/Payload/Mec.app/Frameworks/libswiftMetal.dylib' '--link-dest' '/var/folders/_8/56zvrpxx7fb0plklsx9n7y480000gn/T/XcodeDistPipeline.Pvh/Root/Payload/Mec.app/Frameworks' '/var/folders/_8/56zvrpxx7fb0plklsx9n7y480000gn/T/XcodeDistPipeline.Pvh'
2018-04-11 08:04:27 +0000  building file list ... 
2018-04-11 08:04:27 +0000   0 files...2018-04-11 08:04:27 +0000  1 file to consider
2018-04-11 08:04:27 +0000  
sent 90 bytes  received 20 bytes  220.00 bytes/sec
total size is 438.38K  speedup is 4080.87
2018-04-11 08:04:27 +0000  
2018-04-11 08:04:27 +0000  2018-04-11 08:04:27 +0000  
2018-04-11 08:04:27 +0000  /usr/bin/rsync exited with 0
2018-04-11 08:04:27 +0000  

2018-04-11 08:04:27 +0000  Running /usr/bin/rsync '-8aPhhE' '/Users/Bani/Library/Developer/Xcode/Archives/2018-04-11/Spectre 2018-4-11, 3.56 PM.xcarchive/dSYMs/' '--link-dest' '/Users/Bani/Library/Developer/Xcode/Archives/2018-04-11/Spectre 2018-4-11, 3.56 PM.xcarchive/dSYMs/' '/var/folders/_8/56zvrpxx7fb0plklsx9n7y480000gn/T/XcodeDistPipeline.Pvh'
2018-04-11 08:04:27 +0000  building file list ... 
2018-04-11 08:04:27 +0000   0 files...2018-04-11 08:04:27 +0000  19 files to consider
2018-04-11 08:04:27 +0000  ./
2018-04-11 08:04:27 +0000  Mec.app.dSYM/
Mec.app.dSYM/Contents/
Mec.app.dSYM/Contents/Resources/
Mec.app.dSYM/Contents/Resources/DWARF/
2018-04-11 08:04:27 +0000  Zip.framework.dSYM/
Zip.framework.dSYM/Contents/
Zip.framework.dSYM/Contents/Resources/
Zip.framework.dSYM/Contents/Resources/DWARF/
iOSDFULibrary.framework.dSYM/
iOSDFULibrary.framework.dSYM/Contents/
iOSDFULibrary.framework.dSYM/Contents/Resources/
iOSDFULibrary.framework.dSYM/Contents/Resources/DWARF/
2018-04-11 08:04:27 +0000  
sent 666 bytes  received 134 bytes  1.56K bytes/sec
total size is 14.08M  speedup is 18459.16
2018-04-11 08:04:27 +0000  
2018-04-11 08:04:27 +0000  2018-04-11 08:04:27 +0000  /usr/bin/rsync exited with 0
2018-04-11 08:04:27 +0000  

2018-04-11 08:04:27 +0000  Running /Applications/Xcode.app/Contents/Developer/usr/bin/symbols '-noTextInSOD' '-noDaemon' '-arch' 'all' '-symbolsPackageDir' '/var/folders/_8/56zvrpxx7fb0plklsx9n7y480000gn/T/XcodeDistPipeline.Pvh/Symbols' '/var/folders/_8/56zvrpxx7fb0plklsx9n7y480000gn/T/XcodeDistPipeline.Pvh/libswiftMetal.dylib'
2018-04-11 08:04:28 +0000  /var/folders/_8/56zvrpxx7fb0plklsx9n7y480000gn/T/XcodeDistPipeline.Pvh/libswiftMetal.dylib [armv7, 0.002617 seconds]:
/var/folders/_8/56zvrpxx7fb0plklsx9n7y480000gn/T/XcodeDistPipeline.Pvh/libswiftMetal.dylib [armv7s, 0.002617 seconds]:
/var/folders/_8/56zvrpxx7fb0plklsx9n7y480000gn/T/XcodeDistPipeline.Pvh/libswiftMetal.dylib [arm64, 0.002617 seconds]:
2018-04-11 08:04:28 +0000  2018-04-11 08:04:28 +0000  

2018-04-11 08:04:28 +0000  /Applications/Xcode.app/Contents/Developer/usr/bin/symbols exited with 0
2018-04-11 08:04:28 +0000  2018-04-11 08:04:28 +0000  

2018-04-11 08:04:28 +0000  Processing symbols for libswiftObjectiveC.dylib
2018-04-11 08:04:28 +0000  Running /usr/bin/rsync '-8aPhhE' '/var/folders/_8/56zvrpxx7fb0plklsx9n7y480000gn/T/XcodeDistPipeline.Pvh/Root/Payload/Mec.app/Frameworks/libswiftObjectiveC.dylib' '--link-dest' '/var/folders/_8/56zvrpxx7fb0plklsx9n7y480000gn/T/XcodeDistPipeline.Pvh/Root/Payload/Mec.app/Frameworks' '/var/folders/_8/56zvrpxx7fb0plklsx9n7y480000gn/T/XcodeDistPipeline.Pvh'
2018-04-11 08:04:28 +0000  building file list ... 
2018-04-11 08:04:28 +0000   0 files...2018-04-11 08:04:28 +0000  1 file to consider
2018-04-11 08:04:28 +0000  
sent 95 bytes  received 20 bytes  230.00 bytes/sec
total size is 541.12K  speedup is 4818.37
2018-04-11 08:04:28 +0000  2018-04-11 08:04:28 +0000  
2018-04-11 08:04:28 +0000  /usr/bin/rsync exited with 0

2018-04-11 08:04:28 +0000  Running /usr/bin/rsync '-8aPhhE' '/Users/Bani/Library/Developer/Xcode/Archives/2018-04-11/Spectre 2018-4-11, 3.56 PM.xcarchive/dSYMs/' '--link-dest' '/Users/Bani/Library/Developer/Xcode/Archives/2018-04-11/Spectre 2018-4-11, 3.56 PM.xcarchive/dSYMs/' '/var/folders/_8/56zvrpxx7fb0plklsx9n7y480000gn/T/XcodeDistPipeline.Pvh'
2018-04-11 08:04:28 +0000  building file list ... 
2018-04-11 08:04:28 +0000   0 files...2018-04-11 08:04:28 +0000  19 files to consider
2018-04-11 08:04:28 +0000  ./
2018-04-11 08:04:28 +0000  Mec.app.dSYM/
Mec.app.dSYM/Contents/
Mec.app.dSYM/Contents/Resources/
Mec.app.dSYM/Contents/Resources/DWARF/
2018-04-11 08:04:28 +0000  Zip.framework.dSYM/
Zip.framework.dSYM/Contents/
Zip.framework.dSYM/Contents/Resources/
Zip.framework.dSYM/Contents/Resources/DWARF/
iOSDFULibrary.framework.dSYM/
iOSDFULibrary.framework.dSYM/Contents/
iOSDFULibrary.framework.dSYM/Contents/Resources/
iOSDFULibrary.framework.dSYM/Contents/Resources/DWARF/
2018-04-11 08:04:28 +0000  
sent 666 bytes  received 134 bytes  1.56K bytes/sec
total size is 14.08M  speedup is 18459.16
2018-04-11 08:04:28 +0000  
2018-04-11 08:04:28 +0000  
2018-04-11 08:04:28 +0000  
2018-04-11 08:04:28 +0000  2018-04-11 08:04:28 +0000  /usr/bin/rsync exited with 0
2018-04-11 08:04:28 +0000  

2018-04-11 08:04:28 +0000  Running /Applications/Xcode.app/Contents/Developer/usr/bin/symbols '-noTextInSOD' '-noDaemon' '-arch' 'all' '-symbolsPackageDir' '/var/folders/_8/56zvrpxx7fb0plklsx9n7y480000gn/T/XcodeDistPipeline.Pvh/Symbols' '/var/folders/_8/56zvrpxx7fb0plklsx9n7y480000gn/T/XcodeDistPipeline.Pvh/libswiftObjectiveC.dylib'
2018-04-11 08:04:28 +0000  /var/folders/_8/56zvrpxx7fb0plklsx9n7y480000gn/T/XcodeDistPipeline.Pvh/libswiftObjectiveC.dylib [armv7, 0.005142 seconds]:
/var/folders/_8/56zvrpxx7fb0plklsx9n7y480000gn/T/XcodeDistPipeline.Pvh/libswiftObjectiveC.dylib [armv7s, 0.005142 seconds]:
/var/folders/_8/56zvrpxx7fb0plklsx9n7y480000gn/T/XcodeDistPipeline.Pvh/libswiftObjectiveC.dylib [arm64, 0.005142 seconds]:
2018-04-11 08:04:28 +0000  
2018-04-11 08:04:28 +0000  
2018-04-11 08:04:28 +0000  2018-04-11 08:04:28 +0000  /Applications/Xcode.app/Contents/Developer/usr/bin/symbols exited with 0
2018-04-11 08:04:28 +0000  

2018-04-11 08:04:28 +0000  Processing symbols for libswiftQuartzCore.dylib
2018-04-11 08:04:28 +0000  Running /usr/bin/rsync '-8aPhhE' '/var/folders/_8/56zvrpxx7fb0plklsx9n7y480000gn/T/XcodeDistPipeline.Pvh/Root/Payload/Mec.app/Frameworks/libswiftQuartzCore.dylib' '--link-dest' '/var/folders/_8/56zvrpxx7fb0plklsx9n7y480000gn/T/XcodeDistPipeline.Pvh/Root/Payload/Mec.app/Frameworks' '/var/folders/_8/56zvrpxx7fb0plklsx9n7y480000gn/T/XcodeDistPipeline.Pvh'
2018-04-11 08:04:28 +0000  building file list ... 
2018-04-11 08:04:28 +0000   0 files...2018-04-11 08:04:28 +0000  1 file to consider
2018-04-11 08:04:28 +0000  
sent 95 bytes  received 20 bytes  230.00 bytes/sec
2018-04-11 08:04:28 +0000  total size is 303.34K  speedup is 2701.08
2018-04-11 08:04:28 +0000  
2018-04-11 08:04:28 +0000  
2018-04-11 08:04:28 +0000  
2018-04-11 08:04:28 +0000  /usr/bin/rsync exited with 0
2018-04-11 08:04:28 +0000  2018-04-11 08:04:28 +0000  

2018-04-11 08:04:28 +0000  Running /usr/bin/rsync '-8aPhhE' '/Users/Bani/Library/Developer/Xcode/Archives/2018-04-11/Spectre 2018-4-11, 3.56 PM.xcarchive/dSYMs/' '--link-dest' '/Users/Bani/Library/Developer/Xcode/Archives/2018-04-11/Spectre 2018-4-11, 3.56 PM.xcarchive/dSYMs/' '/var/folders/_8/56zvrpxx7fb0plklsx9n7y480000gn/T/XcodeDistPipeline.Pvh'
2018-04-11 08:04:28 +0000  building file list ... 
2018-04-11 08:04:28 +0000   0 files...2018-04-11 08:04:28 +0000  19 files to consider
2018-04-11 08:04:28 +0000  ./
2018-04-11 08:04:28 +0000  Mec.app.dSYM/
Mec.app.dSYM/Contents/
Mec.app.dSYM/Contents/Resources/
Mec.app.dSYM/Contents/Resources/DWARF/
Zip.framework.dSYM/
Zip.framework.dSYM/Contents/
Zip.framework.dSYM/Contents/Resources/
Zip.framework.dSYM/Contents/Resources/DWARF/
iOSDFULibrary.framework.dSYM/
iOSDFULibrary.framework.dSYM/Contents/
iOSDFULibrary.framework.dSYM/Contents/Resources/
iOSDFULibrary.framework.dSYM/Contents/Resources/DWARF/
2018-04-11 08:04:28 +0000  
2018-04-11 08:04:28 +0000  sent 666 bytes  received 134 bytes  1.56K bytes/sec
total size is 14.08M  speedup is 18459.16
2018-04-11 08:04:28 +0000  2018-04-11 08:04:28 +0000  

2018-04-11 08:04:28 +0000  /usr/bin/rsync exited with 0
2018-04-11 08:04:28 +0000  
2018-04-11 08:04:28 +0000  Running /Applications/Xcode.app/Contents/Developer/usr/bin/symbols '-noTextInSOD' '-noDaemon' '-arch' 'all' '-symbolsPackageDir' '/var/folders/_8/56zvrpxx7fb0plklsx9n7y480000gn/T/XcodeDistPipeline.Pvh/Symbols' '/var/folders/_8/56zvrpxx7fb0plklsx9n7y480000gn/T/XcodeDistPipeline.Pvh/libswiftQuartzCore.dylib'
2018-04-11 08:04:28 +0000  /var/folders/_8/56zvrpxx7fb0plklsx9n7y480000gn/T/XcodeDistPipeline.Pvh/libswiftQuartzCore.dylib [armv7, 0.002214 seconds]:
/var/folders/_8/56zvrpxx7fb0plklsx9n7y480000gn/T/XcodeDistPipeline.Pvh/libswiftQuartzCore.dylib [armv7s, 0.002214 seconds]:
/var/folders/_8/56zvrpxx7fb0plklsx9n7y480000gn/T/XcodeDistPipeline.Pvh/libswiftQuartzCore.dylib [arm64, 0.002214 seconds]:
2018-04-11 08:04:28 +0000  
2018-04-11 08:04:28 +0000  
2018-04-11 08:04:28 +0000  /Applications/Xcode.app/Contents/Developer/usr/bin/symbols exited with 02018-04-11 08:04:28 +0000  
2018-04-11 08:04:28 +0000  

2018-04-11 08:04:28 +0000  Processing symbols for libswiftUIKit.dylib
2018-04-11 08:04:28 +0000  Running /usr/bin/rsync '-8aPhhE' '/var/folders/_8/56zvrpxx7fb0plklsx9n7y480000gn/T/XcodeDistPipeline.Pvh/Root/Payload/Mec.app/Frameworks/libswiftUIKit.dylib' '--link-dest' '/var/folders/_8/56zvrpxx7fb0plklsx9n7y480000gn/T/XcodeDistPipeline.Pvh/Root/Payload/Mec.app/Frameworks' '/var/folders/_8/56zvrpxx7fb0plklsx9n7y480000gn/T/XcodeDistPipeline.Pvh'
2018-04-11 08:04:28 +0000  building file list ... 
2018-04-11 08:04:28 +0000   0 files...2018-04-11 08:04:28 +0000  1 file to consider
2018-04-11 08:04:28 +0000  
sent 90 bytes  received 20 bytes  220.00 bytes/sec
total size is 1018.59K  speedup is 9482.18
2018-04-11 08:04:28 +0000  
2018-04-11 08:04:28 +0000  
2018-04-11 08:04:28 +0000  /usr/bin/rsync exited with 0
2018-04-11 08:04:28 +0000  
2018-04-11 08:04:28 +0000  Running /usr/bin/rsync '-8aPhhE' '/Users/Bani/Library/Developer/Xcode/Archives/2018-04-11/Spectre 2018-4-11, 3.56 PM.xcarchive/dSYMs/' '--link-dest' '/Users/Bani/Library/Developer/Xcode/Archives/2018-04-11/Spectre 2018-4-11, 3.56 PM.xcarchive/dSYMs/' '/var/folders/_8/56zvrpxx7fb0plklsx9n7y480000gn/T/XcodeDistPipeline.Pvh'2018-04-11 08:04:28 +0000  

2018-04-11 08:04:28 +0000  building file list ... 
2018-04-11 08:04:28 +0000   0 files...2018-04-11 08:04:28 +0000  19 files to consider
2018-04-11 08:04:28 +0000  ./
2018-04-11 08:04:28 +0000  Mec.app.dSYM/
Mec.app.dSYM/Contents/
Mec.app.dSYM/Contents/Resources/
Mec.app.dSYM/Contents/Resources/DWARF/
2018-04-11 08:04:28 +0000  Zip.framework.dSYM/
Zip.framework.dSYM/Contents/
Zip.framework.dSYM/Contents/Resources/
Zip.framework.dSYM/Contents/Resources/DWARF/
iOSDFULibrary.framework.dSYM/
iOSDFULibrary.framework.dSYM/Contents/
iOSDFULibrary.framework.dSYM/Contents/Resources/
iOSDFULibrary.framework.dSYM/Contents/Resources/DWARF/
2018-04-11 08:04:28 +0000  
sent 666 bytes  received 134 bytes  1.56K bytes/sec
total size is 14.08M  speedup is 18459.16
2018-04-11 08:04:28 +0000  
2018-04-11 08:04:28 +0000  2018-04-11 08:04:28 +0000  /usr/bin/rsync exited with 0

2018-04-11 08:04:28 +0000  2018-04-11 08:04:28 +0000  

2018-04-11 08:04:28 +0000  Running /Applications/Xcode.app/Contents/Developer/usr/bin/symbols '-noTextInSOD' '-noDaemon' '-arch' 'all' '-symbolsPackageDir' '/var/folders/_8/56zvrpxx7fb0plklsx9n7y480000gn/T/XcodeDistPipeline.Pvh/Symbols' '/var/folders/_8/56zvrpxx7fb0plklsx9n7y480000gn/T/XcodeDistPipeline.Pvh/libswiftUIKit.dylib'
2018-04-11 08:04:28 +0000  /var/folders/_8/56zvrpxx7fb0plklsx9n7y480000gn/T/XcodeDistPipeline.Pvh/libswiftUIKit.dylib [armv7, 0.010599 seconds]:
/var/folders/_8/56zvrpxx7fb0plklsx9n7y480000gn/T/XcodeDistPipeline.Pvh/libswiftUIKit.dylib [armv7s, 0.010599 seconds]:
/var/folders/_8/56zvrpxx7fb0plklsx9n7y480000gn/T/XcodeDistPipeline.Pvh/libswiftUIKit.dylib [arm64, 0.010599 seconds]:
2018-04-11 08:04:28 +0000  
2018-04-11 08:04:28 +0000  
2018-04-11 08:04:28 +0000  2018-04-11 08:04:28 +0000  /Applications/Xcode.app/Contents/Developer/usr/bin/symbols exited with 0
2018-04-11 08:04:28 +0000  

2018-04-11 08:04:28 +0000  Processing symbols for libswiftos.dylib
2018-04-11 08:04:28 +0000  Running /usr/bin/rsync '-8aPhhE' '/var/folders/_8/56zvrpxx7fb0plklsx9n7y480000gn/T/XcodeDistPipeline.Pvh/Root/Payload/Mec.app/Frameworks/libswiftos.dylib' '--link-dest' '/var/folders/_8/56zvrpxx7fb0plklsx9n7y480000gn/T/XcodeDistPipeline.Pvh/Root/Payload/Mec.app/Frameworks' '/var/folders/_8/56zvrpxx7fb0plklsx9n7y480000gn/T/XcodeDistPipeline.Pvh'
2018-04-11 08:04:28 +0000  building file list ... 
2018-04-11 08:04:28 +0000   0 files...2018-04-11 08:04:28 +0000  1 file to consider
2018-04-11 08:04:28 +0000  
sent 87 bytes  received 20 bytes  214.00 bytes/sec
total size is 485.52K  speedup is 4646.43
2018-04-11 08:04:28 +0000  2018-04-11 08:04:28 +0000  

2018-04-11 08:04:28 +0000  2018-04-11 08:04:28 +0000  /usr/bin/rsync exited with 0
2018-04-11 08:04:28 +0000  

2018-04-11 08:04:28 +0000  
2018-04-11 08:04:28 +0000  Running /usr/bin/rsync '-8aPhhE' '/Users/Bani/Library/Developer/Xcode/Archives/2018-04-11/Spectre 2018-4-11, 3.56 PM.xcarchive/dSYMs/' '--link-dest' '/Users/Bani/Library/Developer/Xcode/Archives/2018-04-11/Spectre 2018-4-11, 3.56 PM.xcarchive/dSYMs/' '/var/folders/_8/56zvrpxx7fb0plklsx9n7y480000gn/T/XcodeDistPipeline.Pvh'
2018-04-11 08:04:28 +0000  building file list ... 
2018-04-11 08:04:28 +0000   0 files...2018-04-11 08:04:28 +0000  19 files to consider
2018-04-11 08:04:28 +0000  ./
2018-04-11 08:04:28 +0000  Mec.app.dSYM/
Mec.app.dSYM/Contents/
Mec.app.dSYM/Contents/Resources/
Mec.app.dSYM/Contents/Resources/DWARF/
Zip.framework.dSYM/
2018-04-11 08:04:28 +0000  Zip.framework.dSYM/Contents/
Zip.framework.dSYM/Contents/Resources/
Zip.framework.dSYM/Contents/Resources/DWARF/
iOSDFULibrary.framework.dSYM/
iOSDFULibrary.framework.dSYM/Contents/
iOSDFULibrary.framework.dSYM/Contents/Resources/
iOSDFULibrary.framework.dSYM/Contents/Resources/DWARF/
2018-04-11 08:04:28 +0000  
sent 666 bytes  received 134 bytes  1.56K bytes/sec
total size is 14.08M  speedup is 18459.16
2018-04-11 08:04:28 +0000  
2018-04-11 08:04:28 +0000  
2018-04-11 08:04:28 +0000  /usr/bin/rsync exited with 0
2018-04-11 08:04:28 +0000  
2018-04-11 08:04:28 +0000  
2018-04-11 08:04:28 +0000  Running /Applications/Xcode.app/Contents/Developer/usr/bin/symbols '-noTextInSOD' '-noDaemon' '-arch' 'all' '-symbolsPackageDir' '/var/folders/_8/56zvrpxx7fb0plklsx9n7y480000gn/T/XcodeDistPipeline.Pvh/Symbols' '/var/folders/_8/56zvrpxx7fb0plklsx9n7y480000gn/T/XcodeDistPipeline.Pvh/libswiftos.dylib'
2018-04-11 08:04:28 +0000  /var/folders/_8/56zvrpxx7fb0plklsx9n7y480000gn/T/XcodeDistPipeline.Pvh/libswiftos.dylib [armv7, 0.002553 seconds]:
/var/folders/_8/56zvrpxx7fb0plklsx9n7y480000gn/T/XcodeDistPipeline.Pvh/libswiftos.dylib [armv7s, 0.002553 seconds]:
/var/folders/_8/56zvrpxx7fb0plklsx9n7y480000gn/T/XcodeDistPipeline.Pvh/libswiftos.dylib [arm64, 0.002553 seconds]:
2018-04-11 08:04:28 +0000  
2018-04-11 08:04:28 +0000  
2018-04-11 08:04:28 +0000  /Applications/Xcode.app/Contents/Developer/usr/bin/symbols exited with 0
2018-04-11 08:04:28 +0000  
2018-04-11 08:04:28 +0000  Excluding symbols for Mec.app
2018-04-11 08:04:28 +0000  Processing step: IDEDistributionCopyAppleProvidedContentStep
2018-04-11 08:04:28 +0000  Running /usr/bin/ditto '-V' '/Users/Bani/Library/Developer/Xcode/Archives/2018-04-11/Spectre 2018-4-11, 3.56 PM.xcarchive/SwiftSupport' '/var/folders/_8/56zvrpxx7fb0plklsx9n7y480000gn/T/XcodeDistPipeline.Pvh/Root/SwiftSupport'
2018-04-11 08:04:28 +0000  >>> Copying /Users/Bani/Library/Developer/Xcode/Archives/2018-04-11/Spectre 2018-4-11, 3.56 PM.xcarchive/SwiftSupport 
2018-04-11 08:04:28 +0000  copying file ./iphoneos/libswiftCoreImage.dylib ... 
2018-04-11 08:04:28 +0000  351529 bytes for ./iphoneos/libswiftCoreImage.dylib
2018-04-11 08:04:28 +0000  copying file ./iphoneos/libswiftObjectiveC.dylib ... 
2018-04-11 08:04:28 +0000  737121 bytes for ./iphoneos/libswiftObjectiveC.dylib
2018-04-11 08:04:28 +0000  copying file ./iphoneos/libswiftCore.dylib ... 
2018-04-11 08:04:29 +0000  96713490 bytes for ./iphoneos/libswiftCore.dylib
2018-04-11 08:04:29 +0000  copying file ./iphoneos/libswiftCoreGraphics.dylib ... 
2018-04-11 08:04:29 +0000  2199570 bytes for ./iphoneos/libswiftCoreGraphics.dylib
2018-04-11 08:04:29 +0000  copying file ./iphoneos/libswiftUIKit.dylib ... 
2018-04-11 08:04:29 +0000  1410757 bytes for ./iphoneos/libswiftUIKit.dylib
copying file ./iphoneos/libswiftMetal.dylib ... 
2018-04-11 08:04:29 +0000  558438 bytes for ./iphoneos/libswiftMetal.dylib
2018-04-11 08:04:29 +0000  copying file ./iphoneos/libswiftDispatch.dylib ... 
2018-04-11 08:04:29 +0000  3697961 bytes for ./iphoneos/libswiftDispatch.dylib
copying file ./iphoneos/libswiftos.dylib ... 
2018-04-11 08:04:29 +0000  656415 bytes for ./iphoneos/libswiftos.dylib
2018-04-11 08:04:29 +0000  copying file ./iphoneos/libswiftCoreFoundation.dylib ... 
2018-04-11 08:04:29 +0000  288225 bytes for ./iphoneos/libswiftCoreFoundation.dylib
copying file ./iphoneos/libswiftDarwin.dylib ... 
2018-04-11 08:04:29 +0000  1091344 bytes for ./iphoneos/libswiftDarwin.dylib
2018-04-11 08:04:29 +0000  copying file ./iphoneos/libswiftQuartzCore.dylib ... 
2018-04-11 08:04:29 +0000  369774 bytes for ./iphoneos/libswiftQuartzCore.dylib
2018-04-11 08:04:29 +0000  copying file ./iphoneos/libswiftFoundation.dylib ... 
2018-04-11 08:04:29 +0000  43073646 bytes for ./iphoneos/libswiftFoundation.dylib
2018-04-11 08:04:29 +0000  2018-04-11 08:04:29 +0000  

2018-04-11 08:04:29 +0000  /usr/bin/ditto exited with 0
2018-04-11 08:04:29 +0000  
2018-04-11 08:04:29 +0000  
2018-04-11 08:04:29 +0000  Processing step: IDEDistributionAppThinningStep
2018-04-11 08:04:29 +0000  Skipping step: IDEDistributionAppThinningStep because it said so
2018-04-11 08:04:29 +0000  Processing step: IDEDistributionODRStep
2018-04-11 08:04:29 +0000  Processing step: IDEDistributionStripXattrsStep
2018-04-11 08:04:29 +0000  Skipping stripping extended attributes of item: <IDEDistributionItem: 0x7fa83fc7a5d0 'org.cocoapods.Zip' '<DVTFilePath:0x7fa852598a20:'/Users/Bani/Library/Developer/Xcode/Archives/2018-04-11/Spectre 2018-4-11, 3.56 PM.xcarchive/Products/Applications/Mec.app/Frameworks/Zip.framework'>'>
2018-04-11 08:04:29 +0000  Skipping stripping extended attributes of item: <IDEDistributionItem: 0x7fa85105d1f0 'org.cocoapods.iOSDFULibrary' '<DVTFilePath:0x7fa851791a40:'/Users/Bani/Library/Developer/Xcode/Archives/2018-04-11/Spectre 2018-4-11, 3.56 PM.xcarchive/Products/Applications/Mec.app/Frameworks/iOSDFULibrary.framework'>'>
2018-04-11 08:04:29 +0000  Skipping stripping extended attributes of item: <IDEDistributionItem: 0x7fa83c197a50 'com.apple.dt.runtime.swiftCore' '<DVTFilePath:0x7fa839107a20:'/Users/Bani/Library/Developer/Xcode/Archives/2018-04-11/Spectre 2018-4-11, 3.56 PM.xcarchive/Products/Applications/Mec.app/Frameworks/libswiftCore.dylib'>'>
2018-04-11 08:04:29 +0000  Skipping stripping extended attributes of item: <IDEDistributionItem: 0x7fa83c2c85e0 'com.apple.dt.runtime.swiftCoreFoundation' '<DVTFilePath:0x7fa851794dc0:'/Users/Bani/Library/Developer/Xcode/Archives/2018-04-11/Spectre 2018-4-11, 3.56 PM.xcarchive/Products/Applications/Mec.app/Frameworks/libswiftCoreFoundation.dylib'>'>
2018-04-11 08:04:29 +0000  Skipping stripping extended attributes of item: <IDEDistributionItem: 0x7fa83c2cf2c0 'com.apple.dt.runtime.swiftCoreGraphics' '<DVTFilePath:0x7fa83fe4f590:'/Users/Bani/Library/Developer/Xcode/Archives/2018-04-11/Spectre 2018-4-11, 3.56 PM.xcarchive/Products/Applications/Mec.app/Frameworks/libswiftCoreGraphics.dylib'>'>
2018-04-11 08:04:29 +0000  Skipping stripping extended attributes of item: <IDEDistributionItem: 0x7fa83ebea780 'com.apple.dt.runtime.swiftCoreImage' '<DVTFilePath:0x7fa85273a450:'/Users/Bani/Library/Developer/Xcode/Archives/2018-04-11/Spectre 2018-4-11, 3.56 PM.xcarchive/Products/Applications/Mec.app/Frameworks/libswiftCoreImage.dylib'>'>
2018-04-11 08:04:29 +0000  Skipping stripping extended attributes of item: <IDEDistributionItem: 0x7fa83ec6fff0 'com.apple.dt.runtime.swiftDarwin' '<DVTFilePath:0x7fa8395abe10:'/Users/Bani/Library/Developer/Xcode/Archives/2018-04-11/Spectre 2018-4-11, 3.56 PM.xcarchive/Products/Applications/Mec.app/Frameworks/libswiftDarwin.dylib'>'>
2018-04-11 08:04:29 +0000  Skipping stripping extended attributes of item: <IDEDistributionItem: 0x7fa83cbafbd0 'com.apple.dt.runtime.swiftDispatch' '<DVTFilePath:0x7fa83e9824a0:'/Users/Bani/Library/Developer/Xcode/Archives/2018-04-11/Spectre 2018-4-11, 3.56 PM.xcarchive/Products/Applications/Mec.app/Frameworks/libswiftDispatch.dylib'>'>
2018-04-11 08:04:29 +0000  Skipping stripping extended attributes of item: <IDEDistributionItem: 0x7fa83f94e810 'com.apple.dt.runtime.swiftFoundation' '<DVTFilePath:0x7fa833644490:'/Users/Bani/Library/Developer/Xcode/Archives/2018-04-11/Spectre 2018-4-11, 3.56 PM.xcarchive/Products/Applications/Mec.app/Frameworks/libswiftFoundation.dylib'>'>
2018-04-11 08:04:29 +0000  Skipping stripping extended attributes of item: <IDEDistributionItem: 0x7fa83fd4d8d0 'com.apple.dt.runtime.swiftMetal' '<DVTFilePath:0x7fa83eee4210:'/Users/Bani/Library/Developer/Xcode/Archives/2018-04-11/Spectre 2018-4-11, 3.56 PM.xcarchive/Products/Applications/Mec.app/Frameworks/libswiftMetal.dylib'>'>
2018-04-11 08:04:29 +0000  Skipping stripping extended attributes of item: <IDEDistributionItem: 0x7fa83c176a70 'com.apple.dt.runtime.swiftObjectiveC' '<DVTFilePath:0x7fa83a486d50:'/Users/Bani/Library/Developer/Xcode/Archives/2018-04-11/Spectre 2018-4-11, 3.56 PM.xcarchive/Products/Applications/Mec.app/Frameworks/libswiftObjectiveC.dylib'>'>
2018-04-11 08:04:29 +0000  Skipping stripping extended attributes of item: <IDEDistributionItem: 0x7fa83fe37c10 'com.apple.dt.runtime.swiftQuartzCore' '<DVTFilePath:0x7fa83f8aa170:'/Users/Bani/Library/Developer/Xcode/Archives/2018-04-11/Spectre 2018-4-11, 3.56 PM.xcarchive/Products/Applications/Mec.app/Frameworks/libswiftQuartzCore.dylib'>'>
2018-04-11 08:04:29 +0000  Skipping stripping extended attributes of item: <IDEDistributionItem: 0x7fa83fd4ddd0 'com.apple.dt.runtime.swiftUIKit' '<DVTFilePath:0x7fa83ecf66e0:'/Users/Bani/Library/Developer/Xcode/Archives/2018-04-11/Spectre 2018-4-11, 3.56 PM.xcarchive/Products/Applications/Mec.app/Frameworks/libswiftUIKit.dylib'>'>
2018-04-11 08:04:29 +0000  Skipping stripping extended attributes of item: <IDEDistributionItem: 0x7fa83fd3fd80 'com.apple.dt.runtime.swiftos' '<DVTFilePath:0x7fa85178f2c0:'/Users/Bani/Library/Developer/Xcode/Archives/2018-04-11/Spectre 2018-4-11, 3.56 PM.xcarchive/Products/Applications/Mec.app/Frameworks/libswiftos.dylib'>'>
2018-04-11 08:04:29 +0000  Running /usr/bin/xattr '-crs' '/var/folders/_8/56zvrpxx7fb0plklsx9n7y480000gn/T/XcodeDistPipeline.Pvh/Root/Payload/Mec.app'
2018-04-11 08:04:29 +0000  2018-04-11 08:04:29 +0000  /usr/bin/xattr exited with 0
2018-04-11 08:04:29 +0000  

2018-04-11 08:04:29 +0000  Processing step: IDEDistributionCodesignStep
2018-04-11 08:04:29 +0000  Entitlements for <IDEDistributionItem: 0x7fa83fc7a5d0 'org.cocoapods.Zip' '<DVTFilePath:0x7fa852598a20:'/Users/Bani/Library/Developer/Xcode/Archives/2018-04-11/Spectre 2018-4-11, 3.56 PM.xcarchive/Products/Applications/Mec.app/Frameworks/Zip.framework'>'>: {
}
2018-04-11 08:04:29 +0000  Writing entitlements for <IDEDistributionItem: 0x7fa83fc7a5d0 'org.cocoapods.Zip' '<DVTFilePath:0x7fa852598a20:'/Users/Bani/Library/Developer/Xcode/Archives/2018-04-11/Spectre 2018-4-11, 3.56 PM.xcarchive/Products/Applications/Mec.app/Frameworks/Zip.framework'>'> to: /var/folders/_8/56zvrpxx7fb0plklsx9n7y480000gn/T/XcodeDistPipeline.Pvh/entitlements0lp6JM
2018-04-11 08:04:29 +0000  Running /usr/bin/codesign '-vvv' '--force' '--sign' '57B9F184BB6EFC89DDFCC02FF875FD9F6328D595' '--preserve-metadata=identifier,flags' '--entitlements' '/var/folders/_8/56zvrpxx7fb0plklsx9n7y480000gn/T/XcodeDistPipeline.Pvh/entitlements0lp6JM' '/var/folders/_8/56zvrpxx7fb0plklsx9n7y480000gn/T/XcodeDistPipeline.Pvh/Root/Payload/Mec.app/Frameworks/Zip.framework'
2018-04-11 08:04:30 +0000  /var/folders/_8/56zvrpxx7fb0plklsx9n7y480000gn/T/XcodeDistPipeline.Pvh/Root/Payload/Mec.app/Frameworks/Zip.framework: signed bundle with Mach-O universal (armv7 arm64) [org.cocoapods.Zip]
2018-04-11 08:04:30 +0000  
2018-04-11 08:04:30 +0000  2018-04-11 08:04:30 +0000  /usr/bin/codesign exited with 0
2018-04-11 08:04:30 +0000  

2018-04-11 08:04:30 +0000  Entitlements for <IDEDistributionItem: 0x7fa85105d1f0 'org.cocoapods.iOSDFULibrary' '<DVTFilePath:0x7fa851791a40:'/Users/Bani/Library/Developer/Xcode/Archives/2018-04-11/Spectre 2018-4-11, 3.56 PM.xcarchive/Products/Applications/Mec.app/Frameworks/iOSDFULibrary.framework'>'>: {
}
2018-04-11 08:04:30 +0000  Writing entitlements for <IDEDistributionItem: 0x7fa85105d1f0 'org.cocoapods.iOSDFULibrary' '<DVTFilePath:0x7fa851791a40:'/Users/Bani/Library/Developer/Xcode/Archives/2018-04-11/Spectre 2018-4-11, 3.56 PM.xcarchive/Products/Applications/Mec.app/Frameworks/iOSDFULibrary.framework'>'> to: /var/folders/_8/56zvrpxx7fb0plklsx9n7y480000gn/T/XcodeDistPipeline.Pvh/entitlements38NtjP
2018-04-11 08:04:30 +0000  Running /usr/bin/codesign '-vvv' '--force' '--sign' '57B9F184BB6EFC89DDFCC02FF875FD9F6328D595' '--preserve-metadata=identifier,flags' '--entitlements' '/var/folders/_8/56zvrpxx7fb0plklsx9n7y480000gn/T/XcodeDistPipeline.Pvh/entitlements38NtjP' '/var/folders/_8/56zvrpxx7fb0plklsx9n7y480000gn/T/XcodeDistPipeline.Pvh/Root/Payload/Mec.app/Frameworks/iOSDFULibrary.framework'
2018-04-11 08:04:30 +0000  /var/folders/_8/56zvrpxx7fb0plklsx9n7y480000gn/T/XcodeDistPipeline.Pvh/Root/Payload/Mec.app/Frameworks/iOSDFULibrary.framework: signed bundle with Mach-O universal (armv7 arm64) [org.cocoapods.iOSDFULibrary]
2018-04-11 08:04:30 +0000  
2018-04-11 08:04:30 +0000  
2018-04-11 08:04:30 +0000  /usr/bin/codesign exited with 0
2018-04-11 08:04:30 +0000  
2018-04-11 08:04:30 +0000  
2018-04-11 08:04:30 +0000  Entitlements for <IDEDistributionItem: 0x7fa83c197a50 'com.apple.dt.runtime.swiftCore' '<DVTFilePath:0x7fa839107a20:'/Users/Bani/Library/Developer/Xcode/Archives/2018-04-11/Spectre 2018-4-11, 3.56 PM.xcarchive/Products/Applications/Mec.app/Frameworks/libswiftCore.dylib'>'>: {
}
2018-04-11 08:04:30 +0000  Writing entitlements for <IDEDistributionItem: 0x7fa83c197a50 'com.apple.dt.runtime.swiftCore' '<DVTFilePath:0x7fa839107a20:'/Users/Bani/Library/Developer/Xcode/Archives/2018-04-11/Spectre 2018-4-11, 3.56 PM.xcarchive/Products/Applications/Mec.app/Frameworks/libswiftCore.dylib'>'> to: /var/folders/_8/56zvrpxx7fb0plklsx9n7y480000gn/T/XcodeDistPipeline.Pvh/entitlementsxPSNNe
2018-04-11 08:04:30 +0000  Running /usr/bin/codesign '-vvv' '--force' '--sign' '57B9F184BB6EFC89DDFCC02FF875FD9F6328D595' '--preserve-metadata=identifier,flags' '--entitlements' '/var/folders/_8/56zvrpxx7fb0plklsx9n7y480000gn/T/XcodeDistPipeline.Pvh/entitlementsxPSNNe' '/var/folders/_8/56zvrpxx7fb0plklsx9n7y480000gn/T/XcodeDistPipeline.Pvh/Root/Payload/Mec.app/Frameworks/libswiftCore.dylib'
2018-04-11 08:04:30 +0000  /var/folders/_8/56zvrpxx7fb0plklsx9n7y480000gn/T/XcodeDistPipeline.Pvh/Root/Payload/Mec.app/Frameworks/libswiftCore.dylib: replacing existing signature
2018-04-11 08:04:31 +0000  /var/folders/_8/56zvrpxx7fb0plklsx9n7y480000gn/T/XcodeDistPipeline.Pvh/Root/Payload/Mec.app/Frameworks/libswiftCore.dylib: signed Mach-O universal (armv7 armv7s arm64) [com.apple.dt.runtime.swiftCore]
2018-04-11 08:04:31 +0000  
2018-04-11 08:04:31 +0000  
2018-04-11 08:04:31 +0000  
2018-04-11 08:04:31 +0000  /usr/bin/codesign exited with 0
2018-04-11 08:04:31 +0000  
2018-04-11 08:04:31 +0000  
2018-04-11 08:04:31 +0000  Entitlements for <IDEDistributionItem: 0x7fa83c2c85e0 'com.apple.dt.runtime.swiftCoreFoundation' '<DVTFilePath:0x7fa851794dc0:'/Users/Bani/Library/Developer/Xcode/Archives/2018-04-11/Spectre 2018-4-11, 3.56 PM.xcarchive/Products/Applications/Mec.app/Frameworks/libswiftCoreFoundation.dylib'>'>: {
}
2018-04-11 08:04:31 +0000  Writing entitlements for <IDEDistributionItem: 0x7fa83c2c85e0 'com.apple.dt.runtime.swiftCoreFoundation' '<DVTFilePath:0x7fa851794dc0:'/Users/Bani/Library/Developer/Xcode/Archives/2018-04-11/Spectre 2018-4-11, 3.56 PM.xcarchive/Products/Applications/Mec.app/Frameworks/libswiftCoreFoundation.dylib'>'> to: /var/folders/_8/56zvrpxx7fb0plklsx9n7y480000gn/T/XcodeDistPipeline.Pvh/entitlementsi43CFw
2018-04-11 08:04:31 +0000  Running /usr/bin/codesign '-vvv' '--force' '--sign' '57B9F184BB6EFC89DDFCC02FF875FD9F6328D595' '--preserve-metadata=identifier,flags' '--entitlements' '/var/folders/_8/56zvrpxx7fb0plklsx9n7y480000gn/T/XcodeDistPipeline.Pvh/entitlementsi43CFw' '/var/folders/_8/56zvrpxx7fb0plklsx9n7y480000gn/T/XcodeDistPipeline.Pvh/Root/Payload/Mec.app/Frameworks/libswiftCoreFoundation.dylib'
2018-04-11 08:04:31 +0000  /var/folders/_8/56zvrpxx7fb0plklsx9n7y480000gn/T/XcodeDistPipeline.Pvh/Root/Payload/Mec.app/Frameworks/libswiftCoreFoundation.dylib: replacing existing signature
2018-04-11 08:04:31 +0000  /var/folders/_8/56zvrpxx7fb0plklsx9n7y480000gn/T/XcodeDistPipeline.Pvh/Root/Payload/Mec.app/Frameworks/libswiftCoreFoundation.dylib: signed Mach-O universal (armv7 armv7s arm64) [com.apple.dt.runtime.swiftCoreFoundation]
2018-04-11 08:04:31 +0000  
2018-04-11 08:04:31 +0000  
2018-04-11 08:04:31 +0000  /usr/bin/codesign exited with 0
2018-04-11 08:04:31 +0000  
2018-04-11 08:04:31 +0000  
2018-04-11 08:04:31 +0000  Entitlements for <IDEDistributionItem: 0x7fa83c2cf2c0 'com.apple.dt.runtime.swiftCoreGraphics' '<DVTFilePath:0x7fa83fe4f590:'/Users/Bani/Library/Developer/Xcode/Archives/2018-04-11/Spectre 2018-4-11, 3.56 PM.xcarchive/Products/Applications/Mec.app/Frameworks/libswiftCoreGraphics.dylib'>'>: {
}
2018-04-11 08:04:31 +0000  Writing entitlements for <IDEDistributionItem: 0x7fa83c2cf2c0 'com.apple.dt.runtime.swiftCoreGraphics' '<DVTFilePath:0x7fa83fe4f590:'/Users/Bani/Library/Developer/Xcode/Archives/2018-04-11/Spectre 2018-4-11, 3.56 PM.xcarchive/Products/Applications/Mec.app/Frameworks/libswiftCoreGraphics.dylib'>'> to: /var/folders/_8/56zvrpxx7fb0plklsx9n7y480000gn/T/XcodeDistPipeline.Pvh/entitlements7BtavL
2018-04-11 08:04:31 +0000  Running /usr/bin/codesign '-vvv' '--force' '--sign' '57B9F184BB6EFC89DDFCC02FF875FD9F6328D595' '--preserve-metadata=identifier,flags' '--entitlements' '/var/folders/_8/56zvrpxx7fb0plklsx9n7y480000gn/T/XcodeDistPipeline.Pvh/entitlements7BtavL' '/var/folders/_8/56zvrpxx7fb0plklsx9n7y480000gn/T/XcodeDistPipeline.Pvh/Root/Payload/Mec.app/Frameworks/libswiftCoreGraphics.dylib'
2018-04-11 08:04:31 +0000  /var/folders/_8/56zvrpxx7fb0plklsx9n7y480000gn/T/XcodeDistPipeline.Pvh/Root/Payload/Mec.app/Frameworks/libswiftCoreGraphics.dylib: replacing existing signature
2018-04-11 08:04:31 +0000  /var/folders/_8/56zvrpxx7fb0plklsx9n7y480000gn/T/XcodeDistPipeline.Pvh/Root/Payload/Mec.app/Frameworks/libswiftCoreGraphics.dylib: signed Mach-O universal (armv7 armv7s arm64) [com.apple.dt.runtime.swiftCoreGraphics]
2018-04-11 08:04:31 +0000  
2018-04-11 08:04:31 +0000  
2018-04-11 08:04:31 +0000  
2018-04-11 08:04:31 +0000  /usr/bin/codesign exited with 0
2018-04-11 08:04:31 +0000  
2018-04-11 08:04:31 +0000  
2018-04-11 08:04:31 +0000  Entitlements for <IDEDistributionItem: 0x7fa83ebea780 'com.apple.dt.runtime.swiftCoreImage' '<DVTFilePath:0x7fa85273a450:'/Users/Bani/Library/Developer/Xcode/Archives/2018-04-11/Spectre 2018-4-11, 3.56 PM.xcarchive/Products/Applications/Mec.app/Frameworks/libswiftCoreImage.dylib'>'>: {
}
2018-04-11 08:04:31 +0000  Writing entitlements for <IDEDistributionItem: 0x7fa83ebea780 'com.apple.dt.runtime.swiftCoreImage' '<DVTFilePath:0x7fa85273a450:'/Users/Bani/Library/Developer/Xcode/Archives/2018-04-11/Spectre 2018-4-11, 3.56 PM.xcarchive/Products/Applications/Mec.app/Frameworks/libswiftCoreImage.dylib'>'> to: /var/folders/_8/56zvrpxx7fb0plklsx9n7y480000gn/T/XcodeDistPipeline.Pvh/entitlementsID28GI
2018-04-11 08:04:31 +0000  Running /usr/bin/codesign '-vvv' '--force' '--sign' '57B9F184BB6EFC89DDFCC02FF875FD9F6328D595' '--preserve-metadata=identifier,flags' '--entitlements' '/var/folders/_8/56zvrpxx7fb0plklsx9n7y480000gn/T/XcodeDistPipeline.Pvh/entitlementsID28GI' '/var/folders/_8/56zvrpxx7fb0plklsx9n7y480000gn/T/XcodeDistPipeline.Pvh/Root/Payload/Mec.app/Frameworks/libswiftCoreImage.dylib'
2018-04-11 08:04:32 +0000  /var/folders/_8/56zvrpxx7fb0plklsx9n7y480000gn/T/XcodeDistPipeline.Pvh/Root/Payload/Mec.app/Frameworks/libswiftCoreImage.dylib: replacing existing signature
2018-04-11 08:04:32 +0000  /var/folders/_8/56zvrpxx7fb0plklsx9n7y480000gn/T/XcodeDistPipeline.Pvh/Root/Payload/Mec.app/Frameworks/libswiftCoreImage.dylib: signed Mach-O universal (armv7 armv7s arm64) [com.apple.dt.runtime.swiftCoreImage]
2018-04-11 08:04:32 +0000  
2018-04-11 08:04:32 +0000  2018-04-11 08:04:32 +0000  /usr/bin/codesign exited with 02018-04-11 08:04:32 +0000  


2018-04-11 08:04:32 +0000  Entitlements for <IDEDistributionItem: 0x7fa83ec6fff0 'com.apple.dt.runtime.swiftDarwin' '<DVTFilePath:0x7fa8395abe10:'/Users/Bani/Library/Developer/Xcode/Archives/2018-04-11/Spectre 2018-4-11, 3.56 PM.xcarchive/Products/Applications/Mec.app/Frameworks/libswiftDarwin.dylib'>'>: {
}
2018-04-11 08:04:32 +0000  Writing entitlements for <IDEDistributionItem: 0x7fa83ec6fff0 'com.apple.dt.runtime.swiftDarwin' '<DVTFilePath:0x7fa8395abe10:'/Users/Bani/Library/Developer/Xcode/Archives/2018-04-11/Spectre 2018-4-11, 3.56 PM.xcarchive/Products/Applications/Mec.app/Frameworks/libswiftDarwin.dylib'>'> to: /var/folders/_8/56zvrpxx7fb0plklsx9n7y480000gn/T/XcodeDistPipeline.Pvh/entitlementsZZH8FZ
2018-04-11 08:04:32 +0000  Running /usr/bin/codesign '-vvv' '--force' '--sign' '57B9F184BB6EFC89DDFCC02FF875FD9F6328D595' '--preserve-metadata=identifier,flags' '--entitlements' '/var/folders/_8/56zvrpxx7fb0plklsx9n7y480000gn/T/XcodeDistPipeline.Pvh/entitlementsZZH8FZ' '/var/folders/_8/56zvrpxx7fb0plklsx9n7y480000gn/T/XcodeDistPipeline.Pvh/Root/Payload/Mec.app/Frameworks/libswiftDarwin.dylib'
2018-04-11 08:04:32 +0000  /var/folders/_8/56zvrpxx7fb0plklsx9n7y480000gn/T/XcodeDistPipeline.Pvh/Root/Payload/Mec.app/Frameworks/libswiftDarwin.dylib: replacing existing signature
2018-04-11 08:04:32 +0000  /var/folders/_8/56zvrpxx7fb0plklsx9n7y480000gn/T/XcodeDistPipeline.Pvh/Root/Payload/Mec.app/Frameworks/libswiftDarwin.dylib: signed Mach-O universal (armv7 armv7s arm64) [com.apple.dt.runtime.swiftDarwin]
2018-04-11 08:04:32 +0000  
2018-04-11 08:04:32 +0000  
2018-04-11 08:04:32 +0000  /usr/bin/codesign exited with 0
2018-04-11 08:04:32 +0000  
2018-04-11 08:04:32 +0000  
2018-04-11 08:04:32 +0000  Entitlements for <IDEDistributionItem: 0x7fa83cbafbd0 'com.apple.dt.runtime.swiftDispatch' '<DVTFilePath:0x7fa83e9824a0:'/Users/Bani/Library/Developer/Xcode/Archives/2018-04-11/Spectre 2018-4-11, 3.56 PM.xcarchive/Products/Applications/Mec.app/Frameworks/libswiftDispatch.dylib'>'>: {
}
2018-04-11 08:04:32 +0000  Writing entitlements for <IDEDistributionItem: 0x7fa83cbafbd0 'com.apple.dt.runtime.swiftDispatch' '<DVTFilePath:0x7fa83e9824a0:'/Users/Bani/Library/Developer/Xcode/Archives/2018-04-11/Spectre 2018-4-11, 3.56 PM.xcarchive/Products/Applications/Mec.app/Frameworks/libswiftDispatch.dylib'>'> to: /var/folders/_8/56zvrpxx7fb0plklsx9n7y480000gn/T/XcodeDistPipeline.Pvh/entitlementsXZdLV5
2018-04-11 08:04:32 +0000  Running /usr/bin/codesign '-vvv' '--force' '--sign' '57B9F184BB6EFC89DDFCC02FF875FD9F6328D595' '--preserve-metadata=identifier,flags' '--entitlements' '/var/folders/_8/56zvrpxx7fb0plklsx9n7y480000gn/T/XcodeDistPipeline.Pvh/entitlementsXZdLV5' '/var/folders/_8/56zvrpxx7fb0plklsx9n7y480000gn/T/XcodeDistPipeline.Pvh/Root/Payload/Mec.app/Frameworks/libswiftDispatch.dylib'
2018-04-11 08:04:32 +0000  /var/folders/_8/56zvrpxx7fb0plklsx9n7y480000gn/T/XcodeDistPipeline.Pvh/Root/Payload/Mec.app/Frameworks/libswiftDispatch.dylib: replacing existing signature
2018-04-11 08:04:32 +0000  /var/folders/_8/56zvrpxx7fb0plklsx9n7y480000gn/T/XcodeDistPipeline.Pvh/Root/Payload/Mec.app/Frameworks/libswiftDispatch.dylib: signed Mach-O universal (armv7 armv7s arm64) [com.apple.dt.runtime.swiftDispatch]
2018-04-11 08:04:32 +0000  
2018-04-11 08:04:32 +0000  2018-04-11 08:04:32 +0000  

2018-04-11 08:04:32 +0000  /usr/bin/codesign exited with 02018-04-11 08:04:32 +0000  

2018-04-11 08:04:32 +0000  
2018-04-11 08:04:32 +0000  Entitlements for <IDEDistributionItem: 0x7fa83f94e810 'com.apple.dt.runtime.swiftFoundation' '<DVTFilePath:0x7fa833644490:'/Users/Bani/Library/Developer/Xcode/Archives/2018-04-11/Spectre 2018-4-11, 3.56 PM.xcarchive/Products/Applications/Mec.app/Frameworks/libswiftFoundation.dylib'>'>: {
}
2018-04-11 08:04:32 +0000  Writing entitlements for <IDEDistributionItem: 0x7fa83f94e810 'com.apple.dt.runtime.swiftFoundation' '<DVTFilePath:0x7fa833644490:'/Users/Bani/Library/Developer/Xcode/Archives/2018-04-11/Spectre 2018-4-11, 3.56 PM.xcarchive/Products/Applications/Mec.app/Frameworks/libswiftFoundation.dylib'>'> to: /var/folders/_8/56zvrpxx7fb0plklsx9n7y480000gn/T/XcodeDistPipeline.Pvh/entitlementsjkJtwl
2018-04-11 08:04:32 +0000  Running /usr/bin/codesign '-vvv' '--force' '--sign' '57B9F184BB6EFC89DDFCC02FF875FD9F6328D595' '--preserve-metadata=identifier,flags' '--entitlements' '/var/folders/_8/56zvrpxx7fb0plklsx9n7y480000gn/T/XcodeDistPipeline.Pvh/entitlementsjkJtwl' '/var/folders/_8/56zvrpxx7fb0plklsx9n7y480000gn/T/XcodeDistPipeline.Pvh/Root/Payload/Mec.app/Frameworks/libswiftFoundation.dylib'
2018-04-11 08:04:32 +0000  /var/folders/_8/56zvrpxx7fb0plklsx9n7y480000gn/T/XcodeDistPipeline.Pvh/Root/Payload/Mec.app/Frameworks/libswiftFoundation.dylib: replacing existing signature
2018-04-11 08:04:33 +0000  /var/folders/_8/56zvrpxx7fb0plklsx9n7y480000gn/T/XcodeDistPipeline.Pvh/Root/Payload/Mec.app/Frameworks/libswiftFoundation.dylib: signed Mach-O universal (armv7 armv7s arm64) [com.apple.dt.runtime.swiftFoundation]
2018-04-11 08:04:33 +0000  
2018-04-11 08:04:33 +0000  
2018-04-11 08:04:33 +0000  
2018-04-11 08:04:33 +0000  /usr/bin/codesign exited with 02018-04-11 08:04:33 +0000  

2018-04-11 08:04:33 +0000  
2018-04-11 08:04:33 +0000  Entitlements for <IDEDistributionItem: 0x7fa83fd4d8d0 'com.apple.dt.runtime.swiftMetal' '<DVTFilePath:0x7fa83eee4210:'/Users/Bani/Library/Developer/Xcode/Archives/2018-04-11/Spectre 2018-4-11, 3.56 PM.xcarchive/Products/Applications/Mec.app/Frameworks/libswiftMetal.dylib'>'>: {
}
2018-04-11 08:04:33 +0000  Writing entitlements for <IDEDistributionItem: 0x7fa83fd4d8d0 'com.apple.dt.runtime.swiftMetal' '<DVTFilePath:0x7fa83eee4210:'/Users/Bani/Library/Developer/Xcode/Archives/2018-04-11/Spectre 2018-4-11, 3.56 PM.xcarchive/Products/Applications/Mec.app/Frameworks/libswiftMetal.dylib'>'> to: /var/folders/_8/56zvrpxx7fb0plklsx9n7y480000gn/T/XcodeDistPipeline.Pvh/entitlementsW9hvXr
2018-04-11 08:04:33 +0000  Running /usr/bin/codesign '-vvv' '--force' '--sign' '57B9F184BB6EFC89DDFCC02FF875FD9F6328D595' '--preserve-metadata=identifier,flags' '--entitlements' '/var/folders/_8/56zvrpxx7fb0plklsx9n7y480000gn/T/XcodeDistPipeline.Pvh/entitlementsW9hvXr' '/var/folders/_8/56zvrpxx7fb0plklsx9n7y480000gn/T/XcodeDistPipeline.Pvh/Root/Payload/Mec.app/Frameworks/libswiftMetal.dylib'
2018-04-11 08:04:33 +0000  /var/folders/_8/56zvrpxx7fb0plklsx9n7y480000gn/T/XcodeDistPipeline.Pvh/Root/Payload/Mec.app/Frameworks/libswiftMetal.dylib: replacing existing signature
2018-04-11 08:04:33 +0000  /var/folders/_8/56zvrpxx7fb0plklsx9n7y480000gn/T/XcodeDistPipeline.Pvh/Root/Payload/Mec.app/Frameworks/libswiftMetal.dylib: signed Mach-O universal (armv7 armv7s arm64) [com.apple.dt.runtime.swiftMetal]
2018-04-11 08:04:33 +0000  2018-04-11 08:04:33 +0000  

2018-04-11 08:04:33 +0000  /usr/bin/codesign exited with 0
2018-04-11 08:04:33 +0000  2018-04-11 08:04:33 +0000  

2018-04-11 08:04:33 +0000  Entitlements for <IDEDistributionItem: 0x7fa83c176a70 'com.apple.dt.runtime.swiftObjectiveC' '<DVTFilePath:0x7fa83a486d50:'/Users/Bani/Library/Developer/Xcode/Archives/2018-04-11/Spectre 2018-4-11, 3.56 PM.xcarchive/Products/Applications/Mec.app/Frameworks/libswiftObjectiveC.dylib'>'>: {
}
2018-04-11 08:04:33 +0000  Writing entitlements for <IDEDistributionItem: 0x7fa83c176a70 'com.apple.dt.runtime.swiftObjectiveC' '<DVTFilePath:0x7fa83a486d50:'/Users/Bani/Library/Developer/Xcode/Archives/2018-04-11/Spectre 2018-4-11, 3.56 PM.xcarchive/Products/Applications/Mec.app/Frameworks/libswiftObjectiveC.dylib'>'> to: /var/folders/_8/56zvrpxx7fb0plklsx9n7y480000gn/T/XcodeDistPipeline.Pvh/entitlementscFq2cY
2018-04-11 08:04:33 +0000  Running /usr/bin/codesign '-vvv' '--force' '--sign' '57B9F184BB6EFC89DDFCC02FF875FD9F6328D595' '--preserve-metadata=identifier,flags' '--entitlements' '/var/folders/_8/56zvrpxx7fb0plklsx9n7y480000gn/T/XcodeDistPipeline.Pvh/entitlementscFq2cY' '/var/folders/_8/56zvrpxx7fb0plklsx9n7y480000gn/T/XcodeDistPipeline.Pvh/Root/Payload/Mec.app/Frameworks/libswiftObjectiveC.dylib'
2018-04-11 08:04:33 +0000  /var/folders/_8/56zvrpxx7fb0plklsx9n7y480000gn/T/XcodeDistPipeline.Pvh/Root/Payload/Mec.app/Frameworks/libswiftObjectiveC.dylib: replacing existing signature
2018-04-11 08:04:33 +0000  /var/folders/_8/56zvrpxx7fb0plklsx9n7y480000gn/T/XcodeDistPipeline.Pvh/Root/Payload/Mec.app/Frameworks/libswiftObjectiveC.dylib: signed Mach-O universal (armv7 armv7s arm64) [com.apple.dt.runtime.swiftObjectiveC]
2018-04-11 08:04:33 +0000  2018-04-11 08:04:33 +0000  

2018-04-11 08:04:33 +0000  2018-04-11 08:04:33 +0000  /usr/bin/codesign exited with 0

2018-04-11 08:04:33 +0000  
2018-04-11 08:04:33 +0000  Entitlements for <IDEDistributionItem: 0x7fa83fe37c10 'com.apple.dt.runtime.swiftQuartzCore' '<DVTFilePath:0x7fa83f8aa170:'/Users/Bani/Library/Developer/Xcode/Archives/2018-04-11/Spectre 2018-4-11, 3.56 PM.xcarchive/Products/Applications/Mec.app/Frameworks/libswiftQuartzCore.dylib'>'>: {
}
2018-04-11 08:04:33 +0000  Writing entitlements for <IDEDistributionItem: 0x7fa83fe37c10 'com.apple.dt.runtime.swiftQuartzCore' '<DVTFilePath:0x7fa83f8aa170:'/Users/Bani/Library/Developer/Xcode/Archives/2018-04-11/Spectre 2018-4-11, 3.56 PM.xcarchive/Products/Applications/Mec.app/Frameworks/libswiftQuartzCore.dylib'>'> to: /var/folders/_8/56zvrpxx7fb0plklsx9n7y480000gn/T/XcodeDistPipeline.Pvh/entitlements44ZGH9
2018-04-11 08:04:33 +0000  Running /usr/bin/codesign '-vvv' '--force' '--sign' '57B9F184BB6EFC89DDFCC02FF875FD9F6328D595' '--preserve-metadata=identifier,flags' '--entitlements' '/var/folders/_8/56zvrpxx7fb0plklsx9n7y480000gn/T/XcodeDistPipeline.Pvh/entitlements44ZGH9' '/var/folders/_8/56zvrpxx7fb0plklsx9n7y480000gn/T/XcodeDistPipeline.Pvh/Root/Payload/Mec.app/Frameworks/libswiftQuartzCore.dylib'
2018-04-11 08:04:33 +0000  /var/folders/_8/56zvrpxx7fb0plklsx9n7y480000gn/T/XcodeDistPipeline.Pvh/Root/Payload/Mec.app/Frameworks/libswiftQuartzCore.dylib: replacing existing signature
2018-04-11 08:04:33 +0000  /var/folders/_8/56zvrpxx7fb0plklsx9n7y480000gn/T/XcodeDistPipeline.Pvh/Root/Payload/Mec.app/Frameworks/libswiftQuartzCore.dylib: signed Mach-O universal (armv7 armv7s arm64) [com.apple.dt.runtime.swiftQuartzCore]
2018-04-11 08:04:33 +0000  
2018-04-11 08:04:33 +0000  
2018-04-11 08:04:33 +0000  /usr/bin/codesign exited with 0
2018-04-11 08:04:33 +0000  
2018-04-11 08:04:33 +0000  
2018-04-11 08:04:33 +0000  Entitlements for <IDEDistributionItem: 0x7fa83fd4ddd0 'com.apple.dt.runtime.swiftUIKit' '<DVTFilePath:0x7fa83ecf66e0:'/Users/Bani/Library/Developer/Xcode/Archives/2018-04-11/Spectre 2018-4-11, 3.56 PM.xcarchive/Products/Applications/Mec.app/Frameworks/libswiftUIKit.dylib'>'>: {
}
2018-04-11 08:04:33 +0000  Writing entitlements for <IDEDistributionItem: 0x7fa83fd4ddd0 'com.apple.dt.runtime.swiftUIKit' '<DVTFilePath:0x7fa83ecf66e0:'/Users/Bani/Library/Developer/Xcode/Archives/2018-04-11/Spectre 2018-4-11, 3.56 PM.xcarchive/Products/Applications/Mec.app/Frameworks/libswiftUIKit.dylib'>'> to: /var/folders/_8/56zvrpxx7fb0plklsx9n7y480000gn/T/XcodeDistPipeline.Pvh/entitlementsGk7op7
2018-04-11 08:04:33 +0000  Running /usr/bin/codesign '-vvv' '--force' '--sign' '57B9F184BB6EFC89DDFCC02FF875FD9F6328D595' '--preserve-metadata=identifier,flags' '--entitlements' '/var/folders/_8/56zvrpxx7fb0plklsx9n7y480000gn/T/XcodeDistPipeline.Pvh/entitlementsGk7op7' '/var/folders/_8/56zvrpxx7fb0plklsx9n7y480000gn/T/XcodeDistPipeline.Pvh/Root/Payload/Mec.app/Frameworks/libswiftUIKit.dylib'
2018-04-11 08:04:33 +0000  /var/folders/_8/56zvrpxx7fb0plklsx9n7y480000gn/T/XcodeDistPipeline.Pvh/Root/Payload/Mec.app/Frameworks/libswiftUIKit.dylib: replacing existing signature
2018-04-11 08:04:34 +0000  /var/folders/_8/56zvrpxx7fb0plklsx9n7y480000gn/T/XcodeDistPipeline.Pvh/Root/Payload/Mec.app/Frameworks/libswiftUIKit.dylib: signed Mach-O universal (armv7 armv7s arm64) [com.apple.dt.runtime.swiftUIKit]
2018-04-11 08:04:34 +0000  
2018-04-11 08:04:34 +0000  
2018-04-11 08:04:34 +0000  /usr/bin/codesign exited with 0
2018-04-11 08:04:34 +0000  
2018-04-11 08:04:34 +0000  Entitlements for <IDEDistributionItem: 0x7fa83fd3fd80 'com.apple.dt.runtime.swiftos' '<DVTFilePath:0x7fa85178f2c0:'/Users/Bani/Library/Developer/Xcode/Archives/2018-04-11/Spectre 2018-4-11, 3.56 PM.xcarchive/Products/Applications/Mec.app/Frameworks/libswiftos.dylib'>'>: {
}
2018-04-11 08:04:34 +0000  Writing entitlements for <IDEDistributionItem: 0x7fa83fd3fd80 'com.apple.dt.runtime.swiftos' '<DVTFilePath:0x7fa85178f2c0:'/Users/Bani/Library/Developer/Xcode/Archives/2018-04-11/Spectre 2018-4-11, 3.56 PM.xcarchive/Products/Applications/Mec.app/Frameworks/libswiftos.dylib'>'> to: /var/folders/_8/56zvrpxx7fb0plklsx9n7y480000gn/T/XcodeDistPipeline.Pvh/entitlementsEQ8iCU
2018-04-11 08:04:34 +0000  Running /usr/bin/codesign '-vvv' '--force' '--sign' '57B9F184BB6EFC89DDFCC02FF875FD9F6328D595' '--preserve-metadata=identifier,flags' '--entitlements' '/var/folders/_8/56zvrpxx7fb0plklsx9n7y480000gn/T/XcodeDistPipeline.Pvh/entitlementsEQ8iCU' '/var/folders/_8/56zvrpxx7fb0plklsx9n7y480000gn/T/XcodeDistPipeline.Pvh/Root/Payload/Mec.app/Frameworks/libswiftos.dylib'
2018-04-11 08:04:34 +0000  /var/folders/_8/56zvrpxx7fb0plklsx9n7y480000gn/T/XcodeDistPipeline.Pvh/Root/Payload/Mec.app/Frameworks/libswiftos.dylib: replacing existing signature
2018-04-11 08:04:34 +0000  /var/folders/_8/56zvrpxx7fb0plklsx9n7y480000gn/T/XcodeDistPipeline.Pvh/Root/Payload/Mec.app/Frameworks/libswiftos.dylib: signed Mach-O universal (armv7 armv7s arm64) [com.apple.dt.runtime.swiftos]
2018-04-11 08:04:34 +0000  
2018-04-11 08:04:34 +0000  
2018-04-11 08:04:34 +0000  
2018-04-11 08:04:34 +0000  2018-04-11 08:04:34 +0000  /usr/bin/codesign exited with 0
2018-04-11 08:04:34 +0000  

2018-04-11 08:04:34 +0000  Entitlements for <IDEDistributionItem: 0x7fa83f9736b0 'com.freebee.apps.mec' '<DVTFilePath:0x7fa84ce775c0:'/Users/Bani/Library/Developer/Xcode/Archives/2018-04-11/Spectre 2018-4-11, 3.56 PM.xcarchive/Products/Applications/Mec.app'>'>: {
    "application-identifier" = "U79MRJWFL5.com.freebee.apps.mec";
    "beta-reports-active" = 1;
    "com.apple.developer.team-identifier" = U79MRJWFL5;
    "get-task-allow" = 0;
    "keychain-access-groups" =     (
        "U79MRJWFL5.com.freebee.apps.mec"
    );
}
2018-04-11 08:04:34 +0000  Writing entitlements for <IDEDistributionItem: 0x7fa83f9736b0 'com.freebee.apps.mec' '<DVTFilePath:0x7fa84ce775c0:'/Users/Bani/Library/Developer/Xcode/Archives/2018-04-11/Spectre 2018-4-11, 3.56 PM.xcarchive/Products/Applications/Mec.app'>'> to: /var/folders/_8/56zvrpxx7fb0plklsx9n7y480000gn/T/XcodeDistPipeline.Pvh/entitlementsu1ZPFW
2018-04-11 08:04:34 +0000  Running /usr/bin/codesign '-vvv' '--force' '--sign' '57B9F184BB6EFC89DDFCC02FF875FD9F6328D595' '--preserve-metadata=identifier,flags' '--entitlements' '/var/folders/_8/56zvrpxx7fb0plklsx9n7y480000gn/T/XcodeDistPipeline.Pvh/entitlementsu1ZPFW' '/var/folders/_8/56zvrpxx7fb0plklsx9n7y480000gn/T/XcodeDistPipeline.Pvh/Root/Payload/Mec.app'
2018-04-11 08:04:35 +0000  /var/folders/_8/56zvrpxx7fb0plklsx9n7y480000gn/T/XcodeDistPipeline.Pvh/Root/Payload/Mec.app: signed app bundle with Mach-O universal (armv7 arm64) [com.freebee.apps.mec]
2018-04-11 08:04:35 +0000  
2018-04-11 08:04:35 +0000  2018-04-11 08:04:35 +0000  /usr/bin/codesign exited with 0
2018-04-11 08:04:35 +0000  

2018-04-11 08:04:35 +0000  Processing step: IDEDistributionStreamingZipItemStep
2018-04-11 08:04:35 +0000  Skipping step: IDEDistributionStreamingZipItemStep because it said so
2018-04-11 08:04:35 +0000  Skipping step: IDEDistributionStreamingZipItemStep because it said so
2018-04-11 08:04:35 +0000  Skipping step: IDEDistributionStreamingZipItemStep because it said so
2018-04-11 08:04:35 +0000  Skipping step: IDEDistributionStreamingZipItemStep because it said so
2018-04-11 08:04:35 +0000  Skipping step: IDEDistributionStreamingZipItemStep because it said so
2018-04-11 08:04:35 +0000  Skipping step: IDEDistributionStreamingZipItemStep because it said so
2018-04-11 08:04:35 +0000  Skipping step: IDEDistributionStreamingZipItemStep because it said so
2018-04-11 08:04:35 +0000  Skipping step: IDEDistributionStreamingZipItemStep because it said so
2018-04-11 08:04:35 +0000  Skipping step: IDEDistributionStreamingZipItemStep because it said so
2018-04-11 08:04:35 +0000  Skipping step: IDEDistributionStreamingZipItemStep because it said so
2018-04-11 08:04:35 +0000  Skipping step: IDEDistributionStreamingZipItemStep because it said so
2018-04-11 08:04:35 +0000  Skipping step: IDEDistributionStreamingZipItemStep because it said so
2018-04-11 08:04:35 +0000  Skipping step: IDEDistributionStreamingZipItemStep because it said so
2018-04-11 08:04:35 +0000  Skipping step: IDEDistributionStreamingZipItemStep because it said so
2018-04-11 08:04:35 +0000  Skipping step: IDEDistributionStreamingZipItemStep because it said so
2018-04-11 08:04:35 +0000  Processing step: IDEDistributionCreateIPAStep
2018-04-11 08:04:35 +0000  Running /usr/bin/rsync '-8aPhhE' '/var/folders/_8/56zvrpxx7fb0plklsx9n7y480000gn/T/XcodeDistPipeline.Pvh/Symbols' '--link-dest' '/var/folders/_8/56zvrpxx7fb0plklsx9n7y480000gn/T/XcodeDistPipeline.Pvh' '/var/folders/_8/56zvrpxx7fb0plklsx9n7y480000gn/T/XcodeDistPipeline.Pvh/Root'
2018-04-11 08:04:35 +0000  building file list ... 
2018-04-11 08:04:35 +0000   0 files...2018-04-11 08:04:35 +0000  37 files to consider
2018-04-11 08:04:35 +0000  Symbols/
2018-04-11 08:04:35 +0000  
sent 2.01K bytes  received 26 bytes  4.08K bytes/sec
total size is 15.28M  speedup is 7669.69
2018-04-11 08:04:35 +0000  
2018-04-11 08:04:35 +0000  
2018-04-11 08:04:35 +0000  /usr/bin/rsync exited with 02018-04-11 08:04:35 +0000  

2018-04-11 08:04:35 +0000  
2018-04-11 08:04:35 +0000  Running /usr/bin/ditto '-V' '-c' '-k' '--norsrc' '/var/folders/_8/56zvrpxx7fb0plklsx9n7y480000gn/T/XcodeDistPipeline.Pvh/Root' '/var/folders/_8/56zvrpxx7fb0plklsx9n7y480000gn/T/XcodeDistPipeline.Pvh/Packages/Spectre.ipa'
2018-04-11 08:04:35 +0000  >>> Copying /var/folders/_8/56zvrpxx7fb0plklsx9n7y480000gn/T/XcodeDistPipeline.Pvh/Root 
2018-04-11 08:04:35 +0000  copying file ./BCSymbolMaps/63EE7B6C-EFCF-35F0-962E-2CD00AC7673C.bcsymbolmap ... 
2018-04-11 08:04:35 +0000  66982 bytes for ./BCSymbolMaps/63EE7B6C-EFCF-35F0-962E-2CD00AC7673C.bcsymbolmap
2018-04-11 08:04:35 +0000  copying file ./BCSymbolMaps/3D73EED7-53BA-3533-B68C-42FB0130ED6E.bcsymbolmap ... 
2018-04-11 08:04:35 +0000  64394 bytes for ./BCSymbolMaps/3D73EED7-53BA-3533-B68C-42FB0130ED6E.bcsymbolmap
copying file ./BCSymbolMaps/2020913E-18C3-306F-B635-0C0714463395.bcsymbolmap ... 
2018-04-11 08:04:35 +0000  346050 bytes for ./BCSymbolMaps/2020913E-18C3-306F-B635-0C0714463395.bcsymbolmap
copying file ./BCSymbolMaps/376161B7-753C-38BD-9614-6529EB51993F.bcsymbolmap ... 
2018-04-11 08:04:35 +0000  762151 bytes for ./BCSymbolMaps/376161B7-753C-38BD-9614-6529EB51993F.bcsymbolmap
copying file ./BCSymbolMaps/1A67C6A6-9350-30CA-9C78-E26E196C265D.bcsymbolmap ... 
2018-04-11 08:04:35 +0000  349089 bytes for ./BCSymbolMaps/1A67C6A6-9350-30CA-9C78-E26E196C265D.bcsymbolmap
copying file ./BCSymbolMaps/739FB78E-E553-3642-B9FB-CBB6BA5DF3A8.bcsymbolmap ... 
2018-04-11 08:04:35 +0000  759404 bytes for ./BCSymbolMaps/739FB78E-E553-3642-B9FB-CBB6BA5DF3A8.bcsymbolmap
2018-04-11 08:04:35 +0000  copying file ./Payload/Mec.app/step_circle_background@3x.png ... 
2018-04-11 08:04:35 +0000  15528 bytes for ./Payload/Mec.app/step_circle_background@3x.png
copying file ./Payload/Mec.app/ActivitySleepMonthController.nib ... 
2018-04-11 08:04:35 +0000  6642 bytes for ./Payload/Mec.app/ActivitySleepMonthController.nib
2018-04-11 08:04:35 +0000  copying file ./Payload/Mec.app/HabitCell.nib ... 
2018-04-11 08:04:35 +0000  5077 bytes for ./Payload/Mec.app/HabitCell.nib
copying file ./Payload/Mec.app/ActivityStepMonthController.nib ... 
2018-04-11 08:04:35 +0000  6735 bytes for ./Payload/Mec.app/ActivityStepMonthController.nib
2018-04-11 08:04:35 +0000  copying file ./Payload/Mec.app/_CodeSignature/CodeResources ... 
2018-04-11 08:04:35 +0000  170087 bytes for ./Payload/Mec.app/_CodeSignature/CodeResources
2018-04-11 08:04:35 +0000  copying file ./Payload/Mec.app/music_icon@3x.png ... 
2340 bytes for ./Payload/Mec.app/music_icon@3x.png
2018-04-11 08:04:35 +0000  copying file ./Payload/Mec.app/Helvetica LT 43 Light Extended.ttf ... 
2018-04-11 08:04:35 +0000  39820 bytes for ./Payload/Mec.app/Helvetica LT 43 Light Extended.ttf
copying file ./Payload/Mec.app/function_select_icon@3x.png ... 
2018-04-11 08:04:35 +0000  758 bytes for ./Payload/Mec.app/function_select_icon@3x.png
2018-04-11 08:04:35 +0000  copying file ./Payload/Mec.app/fw_update_ui@3x.png ... 
2018-04-11 08:04:35 +0000  47740 bytes for ./Payload/Mec.app/fw_update_ui@3x.png
2018-04-11 08:04:35 +0000  copying file ./Payload/Mec.app/EditTimeController.nib ... 
2018-04-11 08:04:35 +0000  13321 bytes for ./Payload/Mec.app/EditTimeController.nib
2018-04-11 08:04:35 +0000  copying file ./Payload/Mec.app/Select_REV_watch@2x.png ... 
2018-04-11 08:04:35 +0000  68119 bytes for ./Payload/Mec.app/Select_REV_watch@2x.png
2018-04-11 08:04:35 +0000  copying file ./Payload/Mec.app/unit_off_icon@2x.png ... 
2018-04-11 08:04:35 +0000  3008 bytes for ./Payload/Mec.app/unit_off_icon@2x.png
copying file ./Payload/Mec.app/ContactController.nib ... 
2018-04-11 08:04:35 +0000  9723 bytes for ./Payload/Mec.app/ContactController.nib
copying file ./Payload/Mec.app/TimeZoneController.nib ... 
2018-04-11 08:04:35 +0000  7097 bytes for ./Payload/Mec.app/TimeZoneController.nib
copying file ./Payload/Mec.app/icon_battery_50@2x.png ... 
2018-04-11 08:04:35 +0000  522 bytes for ./Payload/Mec.app/icon_battery_50@2x.png
copying file ./Payload/Mec.app/help_account_PT.png ... 
2018-04-11 08:04:35 +0000  49400 bytes for ./Payload/Mec.app/help_account_PT.png
copying file ./Payload/Mec.app/revolve_activity_100@3x.png ... 
2018-04-11 08:04:35 +0000  29250 bytes for ./Payload/Mec.app/revolve_activity_100@3x.png
copying file ./Payload/Mec.app/girl_icon_select@3x.png ... 
2018-04-11 08:04:35 +0000  3133 bytes for ./Payload/Mec.app/girl_icon_select@3x.png
2018-04-11 08:04:35 +0000  copying file ./Payload/Mec.app/menu-button.png ... 
186 bytes for ./Payload/Mec.app/menu-button.png
copying file ./Payload/Mec.app/REV_IPS_step_W_background@3x.png ... 
2018-04-11 08:04:35 +0000  2644709 bytes for ./Payload/Mec.app/REV_IPS_step_W_background@3x.png
copying file ./Payload/Mec.app/Helvetica LT 33 Thin Extended Oblique.ttf ... 
2018-04-11 08:04:35 +0000  40508 bytes for ./Payload/Mec.app/Helvetica LT 33 Thin Extended Oblique.ttf
copying file ./Payload/Mec.app/small_clock@2x.png ... 
2018-04-11 08:04:35 +0000  5603 bytes for ./Payload/Mec.app/small_clock@2x.png
copying file ./Payload/Mec.app/time_select@2x.png ... 
2018-04-11 08:04:35 +0000  4485 bytes for ./Payload/Mec.app/time_select@2x.png
copying file ./Payload/Mec.app/first_time_logo_background@3x.png ... 
2018-04-11 08:04:35 +0000  994068 bytes for ./Payload/Mec.app/first_time_logo_background@3x.png
copying file ./Payload/Mec.app/habit@2x.png ... 
2018-04-11 08:04:35 +0000  35017 bytes for ./Payload/Mec.app/habit@2x.png
2018-04-11 08:04:35 +0000  copying file ./Payload/Mec.app/second_time_zone_cancel@3x.png ... 
418 bytes for ./Payload/Mec.app/second_time_zone_cancel@3x.png
2018-04-11 08:04:35 +0000  copying file ./Payload/Mec.app/item_off_icon@2x.png ... 
2018-04-11 08:04:35 +0000  2119 bytes for ./Payload/Mec.app/item_off_icon@2x.png
copying file ./Payload/Mec.app/line_partition_slected@2x.png ... 
2018-04-11 08:04:35 +0000  604 bytes for ./Payload/Mec.app/line_partition_slected@2x.png
copying file ./Payload/Mec.app/battery100@3x.png ... 
351 bytes for ./Payload/Mec.app/battery100@3x.png
2018-04-11 08:04:35 +0000  copying file ./Payload/Mec.app/run_goal_line@3x.png ... 
174 bytes for ./Payload/Mec.app/run_goal_line@3x.png
copying file ./Payload/Mec.app/second_time_zone_icon@3x.png ... 
2018-04-11 08:04:35 +0000  963 bytes for ./Payload/Mec.app/second_time_zone_icon@3x.png
copying file ./Payload/Mec.app/battery00@2x.png ... 
2018-04-11 08:04:35 +0000  529 bytes for ./Payload/Mec.app/battery00@2x.png
copying file ./Payload/Mec.app/es.strings ... 
2018-04-11 08:04:35 +0000  16874 bytes for ./Payload/Mec.app/es.strings
2018-04-11 08:04:35 +0000  copying file ./Payload/Mec.app/AppIcon20x20@2x.png ... 
2018-04-11 08:04:35 +0000  2715 bytes for ./Payload/Mec.app/AppIcon20x20@2x.png
copying file ./Payload/Mec.app/Helvetica LT 36 Thin Italic.ttf ... 
2018-04-11 08:04:35 +0000  48244 bytes for ./Payload/Mec.app/Helvetica LT 36 Thin Italic.ttf
copying file ./Payload/Mec.app/Revolution_connect_now01@2x.png ... 
2018-04-11 08:04:35 +0000  169930 bytes for ./Payload/Mec.app/Revolution_connect_now01@2x.png
2018-04-11 08:04:35 +0000  copying file ./Payload/Mec.app/help_account_de.png ... 
2018-04-11 08:04:35 +0000  72394 bytes for ./Payload/Mec.app/help_account_de.png
copying file ./Payload/Mec.app/setting_icon@3x.png ... 
2018-04-11 08:04:35 +0000  1058 bytes for ./Payload/Mec.app/setting_icon@3x.png
2018-04-11 08:04:35 +0000  copying file ./Payload/Mec.app/Select_IPS_watch@2x.png ... 
2018-04-11 08:04:35 +0000  75395 bytes for ./Payload/Mec.app/Select_IPS_watch@2x.png
copying file ./Payload/Mec.app/impulse_time_adjust@3x.png ... 
2018-04-11 08:04:35 +0000  229698 bytes for ./Payload/Mec.app/impulse_time_adjust@3x.png
copying file ./Payload/Mec.app/time_zone_icon@3x.png ... 
2018-04-11 08:04:35 +0000  993 bytes for ./Payload/Mec.app/time_zone_icon@3x.png
copying file ./Payload/Mec.app/ActivityStepWeekController.nib ... 
2018-04-11 08:04:35 +0000  15878 bytes for ./Payload/Mec.app/ActivityStepWeekController.nib
copying file ./Payload/Mec.app/chs.strings ... 
2018-04-11 08:04:35 +0000  13875 bytes for ./Payload/Mec.app/chs.strings
copying file ./Payload/Mec.app/impulse_daily_alarm@3x.png ... 
2018-04-11 08:04:35 +0000  719800 bytes for ./Payload/Mec.app/impulse_daily_alarm@3x.png
copying file ./Payload/Mec.app/time_adjust_time_icon_ui@3x.png ... 
2018-04-11 08:04:35 +0000  669 bytes for ./Payload/Mec.app/time_adjust_time_icon_ui@3x.png
copying file ./Payload/Mec.app/photo_area02@3x.png ... 
2018-04-11 08:04:35 +0000  6304 bytes for ./Payload/Mec.app/photo_area02@3x.png
copying file ./Payload/Mec.app/btn_forward_nor@2x.png ... 
2018-04-11 08:04:35 +0000  741 bytes for ./Payload/Mec.app/btn_forward_nor@2x.png
copying file ./Payload/Mec.app/camera_icon@3x.png ... 
2018-04-11 08:04:35 +0000  3590 bytes for ./Payload/Mec.app/camera_icon@3x.png
copying file ./Payload/Mec.app/REV_IPS_sleep_background@3x.png ... 
2018-04-11 08:04:35 +0000  1256575 bytes for ./Payload/Mec.app/REV_IPS_sleep_background@3x.png
copying file ./Payload/Mec.app/icon_battery_activity_25@2x.png ... 
2018-04-11 08:04:35 +0000  527 bytes for ./Payload/Mec.app/icon_battery_activity_25@2x.png
copying file ./Payload/Mec.app/SpecialFeatureController.nib ... 
2018-04-11 08:04:35 +0000  14313 bytes for ./Payload/Mec.app/SpecialFeatureController.nib
copying file ./Payload/Mec.app/AppIcon57x57.png ... 
2018-04-11 08:04:35 +0000  3794 bytes for ./Payload/Mec.app/AppIcon57x57.png
copying file ./Payload/Mec.app/menu_icon@2x.png ... 
2018-04-11 08:04:35 +0000  515 bytes for ./Payload/Mec.app/menu_icon@2x.png
2018-04-11 08:04:35 +0000  copying file ./Payload/Mec.app/speccial_music@3x.png ... 
2018-04-11 08:04:35 +0000  1639567 bytes for ./Payload/Mec.app/speccial_music@3x.png
copying file ./Payload/Mec.app/UpdateFirmwareController.nib ... 
2018-04-11 08:04:35 +0000  7873 bytes for ./Payload/Mec.app/UpdateFirmwareController.nib
copying file ./Payload/Mec.app/Basic_connect_now_wave@2x.png ... 
2018-04-11 08:04:35 +0000  2801 bytes for ./Payload/Mec.app/Basic_connect_now_wave@2x.png
copying file ./Payload/Mec.app/weight_circle_icon05@2x.png ... 
2018-04-11 08:04:35 +0000  32917 bytes for ./Payload/Mec.app/weight_circle_icon05@2x.png
2018-04-11 08:04:35 +0000  copying file ./Payload/Mec.app/about_icon@2x.png ... 
2378 bytes for ./Payload/Mec.app/about_icon@2x.png
copying file ./Payload/Mec.app/step_time_icon@3x.png ... 
2018-04-11 08:04:35 +0000  2313 bytes for ./Payload/Mec.app/step_time_icon@3x.png
copying file ./Payload/Mec.app/fw_icon@2x.png ... 
2018-04-11 08:04:35 +0000  97087 bytes for ./Payload/Mec.app/fw_icon@2x.png
copying file ./Payload/Mec.app/set_unit_letf@3x.png ... 
2018-04-11 08:04:35 +0000  1893 bytes for ./Payload/Mec.app/set_unit_letf@3x.png
copying file ./Payload/Mec.app/time_sync_circle@3x.png ... 
2018-04-11 08:04:35 +0000  3719 bytes for ./Payload/Mec.app/time_sync_circle@3x.png
2018-04-11 08:04:35 +0000  copying file ./Payload/Mec.app/high_circle_icon05@3x.png ... 
2018-04-11 08:04:35 +0000  12008 bytes for ./Payload/Mec.app/high_circle_icon05@3x.png
2018-04-11 08:04:35 +0000  copying file ./Payload/Mec.app/SelectWatchController.nib ... 
2018-04-11 08:04:35 +0000  10073 bytes for ./Payload/Mec.app/SelectWatchController.nib
copying file ./Payload/Mec.app/set_step_goal_title@3x.png ... 
2018-04-11 08:04:35 +0000  1099 bytes for ./Payload/Mec.app/set_step_goal_title@3x.png
2018-04-11 08:04:35 +0000  copying file ./Payload/Mec.app/SetGoalController.nib ... 
2018-04-11 08:04:35 +0000  5246 bytes for ./Payload/Mec.app/SetGoalController.nib
copying file ./Payload/Mec.app/Basic_connect_now02@2x.png ... 
2018-04-11 08:04:35 +0000  110526 bytes for ./Payload/Mec.app/Basic_connect_now02@2x.png
copying file ./Payload/Mec.app/SettingController.nib ... 
2018-04-11 08:04:35 +0000  21207 bytes for ./Payload/Mec.app/SettingController.nib
copying file ./Payload/Mec.app/ru.strings ... 
2018-04-11 08:04:35 +0000  34991 bytes for ./Payload/Mec.app/ru.strings
copying file ./Payload/Mec.app/Basic_connect_now02@3x.png ... 
2018-04-11 08:04:35 +0000  209922 bytes for ./Payload/Mec.app/Basic_connect_now02@3x.png
copying file ./Payload/Mec.app/ActivityFunctionController.nib ... 
2018-04-11 08:04:35 +0000  7191 bytes for ./Payload/Mec.app/ActivityFunctionController.nib
copying file ./Payload/Mec.app/set_step_goal_title@2x.png ... 
2018-04-11 08:04:35 +0000  1102 bytes for ./Payload/Mec.app/set_step_goal_title@2x.png
copying file ./Payload/Mec.app/fw_icon@3x.png ... 
2018-04-11 08:04:35 +0000  47533 bytes for ./Payload/Mec.app/fw_icon@3x.png
copying file ./Payload/Mec.app/set_unit_letf@2x.png ... 
2018-04-11 08:04:35 +0000  2071 bytes for ./Payload/Mec.app/set_unit_letf@2x.png
copying file ./Payload/Mec.app/time_sync_circle@2x.png ... 
2018-04-11 08:04:35 +0000  6880 bytes for ./Payload/Mec.app/time_sync_circle@2x.png
copying file ./Payload/Mec.app/high_circle_icon05@2x.png ... 
2018-04-11 08:04:35 +0000  21031 bytes for ./Payload/Mec.app/high_circle_icon05@2x.png
copying file ./Payload/Mec.app/weight_circle_icon05@3x.png ... 
2018-04-11 08:04:35 +0000  21751 bytes for ./Payload/Mec.app/weight_circle_icon05@3x.png
2018-04-11 08:04:35 +0000  copying file ./Payload/Mec.app/about_icon@3x.png ... 
2018-04-11 08:04:35 +0000  1493 bytes for ./Payload/Mec.app/about_icon@3x.png
copying file ./Payload/Mec.app/step_time_icon@2x.png ... 
2018-04-11 08:04:35 +0000  3850 bytes for ./Payload/Mec.app/step_time_icon@2x.png
2018-04-11 08:04:35 +0000  copying file ./Payload/Mec.app/help_account_ES.png ... 
2018-04-11 08:04:35 +0000  46599 bytes for ./Payload/Mec.app/help_account_ES.png
copying file ./Payload/Mec.app/speccial_music@2x.png ... 
2018-04-11 08:04:35 +0000  786282 bytes for ./Payload/Mec.app/speccial_music@2x.png
2018-04-11 08:04:35 +0000  copying file ./Payload/Mec.app/menu_icon@3x.png ... 
382 bytes for ./Payload/Mec.app/menu_icon@3x.png
copying file ./Payload/Mec.app/Basic_connect_now_wave@3x.png ... 
2018-04-11 08:04:35 +0000  2188 bytes for ./Payload/Mec.app/Basic_connect_now_wave@3x.png
copying file ./Payload/Mec.app/camera_icon@2x.png ... 
2018-04-11 08:04:35 +0000  6290 bytes for ./Payload/Mec.app/camera_icon@2x.png
copying file ./Payload/Mec.app/REV_IPS_sleep_background@2x.png ... 
2018-04-11 08:04:36 +0000  807579 bytes for ./Payload/Mec.app/REV_IPS_sleep_background@2x.png
copying file ./Payload/Mec.app/icon_battery_activity_25@3x.png ... 
2018-04-11 08:04:36 +0000  658 bytes for ./Payload/Mec.app/icon_battery_activity_25@3x.png
copying file ./Payload/Mec.app/photo_area02@2x.png ... 
2018-04-11 08:04:36 +0000  13225 bytes for ./Payload/Mec.app/photo_area02@2x.png
copying file ./Payload/Mec.app/btn_forward_nor@3x.png ... 
2018-04-11 08:04:36 +0000  1238 bytes for ./Payload/Mec.app/btn_forward_nor@3x.png
2018-04-11 08:04:36 +0000  copying file ./Payload/Mec.app/EmptyTimeZoneController.nib ... 
2018-04-11 08:04:36 +0000  7126 bytes for ./Payload/Mec.app/EmptyTimeZoneController.nib
copying file ./Payload/Mec.app/time_adjust_time_icon_ui@2x.png ... 
2018-04-11 08:04:36 +0000  1027 bytes for ./Payload/Mec.app/time_adjust_time_icon_ui@2x.png
copying file ./Payload/Mec.app/SpCell.nib ... 
2018-04-11 08:04:36 +0000  4767 bytes for ./Payload/Mec.app/SpCell.nib
copying file ./Payload/Mec.app/impulse_daily_alarm@2x.png ... 
2018-04-11 08:04:36 +0000  330321 bytes for ./Payload/Mec.app/impulse_daily_alarm@2x.png
copying file ./Payload/Mec.app/time_zone_icon@2x.png ... 
2018-04-11 08:04:36 +0000  1297 bytes for ./Payload/Mec.app/time_zone_icon@2x.png
copying file ./Payload/Mec.app/Select_IPS_watch@3x.png ... 
2018-04-11 08:04:36 +0000  147964 bytes for ./Payload/Mec.app/Select_IPS_watch@3x.png
copying file ./Payload/Mec.app/impulse_time_adjust@2x.png ... 
2018-04-11 08:04:36 +0000  121970 bytes for ./Payload/Mec.app/impulse_time_adjust@2x.png
copying file ./Payload/Mec.app/setting_icon@2x.png ... 
2018-04-11 08:04:36 +0000  1493 bytes for ./Payload/Mec.app/setting_icon@2x.png
copying file ./Payload/Mec.app/Helvetica LT 25 Ultra Light.ttf ... 
2018-04-11 08:04:36 +0000  48480 bytes for ./Payload/Mec.app/Helvetica LT 25 Ultra Light.ttf
copying file ./Payload/Mec.app/AppIcon20x20@3x.png ... 
2018-04-11 08:04:36 +0000  4075 bytes for ./Payload/Mec.app/AppIcon20x20@3x.png
copying file ./Payload/Mec.app/Revolution_connect_now01@3x.png ... 
2018-04-11 08:04:36 +0000  336385 bytes for ./Payload/Mec.app/Revolution_connect_now01@3x.png
copying file ./Payload/Mec.app/second_time_zone_icon@2x.png ... 
2018-04-11 08:04:36 +0000  1590 bytes for ./Payload/Mec.app/second_time_zone_icon@2x.png
copying file ./Payload/Mec.app/battery00@3x.png ... 
297 bytes for ./Payload/Mec.app/battery00@3x.png
copying file ./Payload/Mec.app/line_partition_slected@3x.png ... 
2018-04-11 08:04:36 +0000  863 bytes for ./Payload/Mec.app/line_partition_slected@3x.png
copying file ./Payload/Mec.app/battery100@2x.png ... 
2018-04-11 08:04:36 +0000  1039 bytes for ./Payload/Mec.app/battery100@2x.png
copying file ./Payload/Mec.app/run_goal_line@2x.png ... 
2018-04-11 08:04:36 +0000  185 bytes for ./Payload/Mec.app/run_goal_line@2x.png
copying file ./Payload/Mec.app/SettingCell.nib ... 
2018-04-11 08:04:36 +0000  5405 bytes for ./Payload/Mec.app/SettingCell.nib
copying file ./Payload/Mec.app/item_off_icon@3x.png ... 
2018-04-11 08:04:36 +0000  1204 bytes for ./Payload/Mec.app/item_off_icon@3x.png
copying file ./Payload/Mec.app/first_time_logo_background@2x.png ... 
2018-04-11 08:04:36 +0000  730480 bytes for ./Payload/Mec.app/first_time_logo_background@2x.png
copying file ./Payload/Mec.app/second_time_zone_cancel@2x.png ... 
2018-04-11 08:04:36 +0000  900 bytes for ./Payload/Mec.app/second_time_zone_cancel@2x.png
copying file ./Payload/Mec.app/small_clock@3x.png ... 
2018-04-11 08:04:36 +0000  3360 bytes for ./Payload/Mec.app/small_clock@3x.png
copying file ./Payload/Mec.app/time_select@3x.png ... 
2018-04-11 08:04:36 +0000  3938 bytes for ./Payload/Mec.app/time_select@3x.png
copying file ./Payload/Mec.app/REV_IPS_step_W_background@2x.png ... 
2018-04-11 08:04:36 +0000  1221520 bytes for ./Payload/Mec.app/REV_IPS_step_W_background@2x.png
copying file ./Payload/Mec.app/revolve_activity_100@2x.png ... 
2018-04-11 08:04:36 +0000  16291 bytes for ./Payload/Mec.app/revolve_activity_100@2x.png
2018-04-11 08:04:36 +0000  copying file ./Payload/Mec.app/girl_icon_select@2x.png ... 
2018-04-11 08:04:36 +0000  4064 bytes for ./Payload/Mec.app/girl_icon_select@2x.png
copying file ./Payload/Mec.app/icon_battery_50@3x.png ... 
2018-04-11 08:04:36 +0000  648 bytes for ./Payload/Mec.app/icon_battery_50@3x.png
copying file ./Payload/Mec.app/help_account_SK.png ... 
2018-04-11 08:04:36 +0000  45435 bytes for ./Payload/Mec.app/help_account_SK.png
2018-04-11 08:04:36 +0000  copying file ./Payload/Mec.app/unit_off_icon@3x.png ... 
2018-04-11 08:04:36 +0000  3097 bytes for ./Payload/Mec.app/unit_off_icon@3x.png
copying file ./Payload/Mec.app/ga.strings ... 
2018-04-11 08:04:36 +0000  13652 bytes for ./Payload/Mec.app/ga.strings
copying file ./Payload/Mec.app/GoConnectController.nib ... 
2018-04-11 08:04:36 +0000  5195 bytes for ./Payload/Mec.app/GoConnectController.nib
copying file ./Payload/Mec.app/MovingHabitController.nib ... 
2018-04-11 08:04:36 +0000  9583 bytes for ./Payload/Mec.app/MovingHabitController.nib
copying file ./Payload/Mec.app/TimeSettingController.nib ... 
2018-04-11 08:04:36 +0000  10165 bytes for ./Payload/Mec.app/TimeSettingController.nib
copying file ./Payload/Mec.app/Select_REV_watch@3x.png ... 
2018-04-11 08:04:36 +0000  135209 bytes for ./Payload/Mec.app/Select_REV_watch@3x.png
copying file ./Payload/Mec.app/fw_update_ui@2x.png ... 
2018-04-11 08:04:36 +0000  46438 bytes for ./Payload/Mec.app/fw_update_ui@2x.png
copying file ./Payload/Mec.app/music_icon@2x.png ... 
2018-04-11 08:04:36 +0000  4521 bytes for ./Payload/Mec.app/music_icon@2x.png
copying file ./Payload/Mec.app/function_select_icon@2x.png ... 
2018-04-11 08:04:36 +0000  1044 bytes for ./Payload/Mec.app/function_select_icon@2x.png
2018-04-11 08:04:36 +0000  copying file ./Payload/Mec.app/step_circle_background@2x.png ... 
2018-04-11 08:04:36 +0000  27064 bytes for ./Payload/Mec.app/step_circle_background@2x.png
copying file ./Payload/Mec.app/nl.strings ... 
2018-04-11 08:04:36 +0000  14759 bytes for ./Payload/Mec.app/nl.strings
copying file ./Payload/Mec.app/date_select_left_icon@3x.png ... 
2018-04-11 08:04:36 +0000  314 bytes for ./Payload/Mec.app/date_select_left_icon@3x.png
copying file ./Payload/Mec.app/REV_IPS_sleep_W_background@2x.png ... 
2018-04-11 08:04:36 +0000  1254181 bytes for ./Payload/Mec.app/REV_IPS_sleep_W_background@2x.png
copying file ./Payload/Mec.app/Helvetica LT 23 Ultra Light Extended Oblique.ttf ... 
2018-04-11 08:04:36 +0000  40464 bytes for ./Payload/Mec.app/Helvetica LT 23 Ultra Light Extended Oblique.ttf
copying file ./Payload/Mec.app/Helvetica LT 33 Thin Extended.ttf ... 
2018-04-11 08:04:36 +0000  40000 bytes for ./Payload/Mec.app/Helvetica LT 33 Thin Extended.ttf
copying file ./Payload/Mec.app/line_partition_rungoal@2x.png ... 
2018-04-11 08:04:36 +0000  948 bytes for ./Payload/Mec.app/line_partition_rungoal@2x.png
copying file ./Payload/Mec.app/check_icon@3x.png ... 
2018-04-11 08:04:36 +0000  449 bytes for ./Payload/Mec.app/check_icon@3x.png
copying file ./Payload/Mec.app/right_icon @2x.png ... 
2018-04-11 08:04:36 +0000  2191 bytes for ./Payload/Mec.app/right_icon @2x.png
copying file ./Payload/Mec.app/run_time_icon@2x.png ... 
2018-04-11 08:04:36 +0000  3861 bytes for ./Payload/Mec.app/run_time_icon@2x.png
copying file ./Payload/Mec.app/Renew_icon@2x.png ... 
2018-04-11 08:04:36 +0000  785 bytes for ./Payload/Mec.app/Renew_icon@2x.png
copying file ./Payload/Mec.app/goal_icon_black@3x.png ... 
2018-04-11 08:04:36 +0000  1436 bytes for ./Payload/Mec.app/goal_icon_black@3x.png
copying file ./Payload/Mec.app/de.strings ... 
2018-04-11 08:04:36 +0000  31333 bytes for ./Payload/Mec.app/de.strings
2018-04-11 08:04:36 +0000  copying file ./Payload/Mec.app/Spectre.momd/Spectre_2.omo ... 
2018-04-11 08:04:36 +0000  4896 bytes for ./Payload/Mec.app/Spectre.momd/Spectre_2.omo
2018-04-11 08:04:36 +0000  copying file ./Payload/Mec.app/Spectre.momd/VersionInfo.plist ... 
252 bytes for ./Payload/Mec.app/Spectre.momd/VersionInfo.plist
copying file ./Payload/Mec.app/Spectre.momd/Spectre.mom ... 
2018-04-11 08:04:36 +0000  2054 bytes for ./Payload/Mec.app/Spectre.momd/Spectre.mom
copying file ./Payload/Mec.app/Spectre.momd/Spectre_2.mom ... 
2018-04-11 08:04:36 +0000  2871 bytes for ./Payload/Mec.app/Spectre.momd/Spectre_2.mom
2018-04-11 08:04:36 +0000  copying file ./Payload/Mec.app/battery75@3x.png ... 
339 bytes for ./Payload/Mec.app/battery75@3x.png
2018-04-11 08:04:36 +0000  copying file ./Payload/Mec.app/ips_setting_ui02@3x.png ... 
2018-04-11 08:04:36 +0000  1793619 bytes for ./Payload/Mec.app/ips_setting_ui02@3x.png
copying file ./Payload/Mec.app/high_circle_icon03@3x.png ... 
2018-04-11 08:04:36 +0000  12076 bytes for ./Payload/Mec.app/high_circle_icon03@3x.png
2018-04-11 08:04:36 +0000  copying file ./Payload/Mec.app/time_sync_circle_gary@2x.png ... 
2018-04-11 08:04:36 +0000  6720 bytes for ./Payload/Mec.app/time_sync_circle_gary@2x.png
2018-04-11 08:04:36 +0000  copying file ./Payload/Mec.app/weight_circle_icon03@2x.png ... 
2018-04-11 08:04:36 +0000  32872 bytes for ./Payload/Mec.app/weight_circle_icon03@2x.png
2018-04-11 08:04:36 +0000  copying file ./Payload/Mec.app/RegisterControllerTall.nib ... 
2018-04-11 08:04:36 +0000  8466 bytes for ./Payload/Mec.app/RegisterControllerTall.nib
2018-04-11 08:04:36 +0000  copying file ./Payload/Mec.app/AppIcon60x60@2x.png ... 
2018-04-11 08:04:36 +0000  9371 bytes for ./Payload/Mec.app/AppIcon60x60@2x.png
copying file ./Payload/Mec.app/activity_title_icon@3x.png ... 
2018-04-11 08:04:36 +0000  388 bytes for ./Payload/Mec.app/activity_title_icon@3x.png
2018-04-11 08:04:36 +0000  copying file ./Payload/Mec.app/Luanch0Controller.nib ... 
2018-04-11 08:04:36 +0000  2156 bytes for ./Payload/Mec.app/Luanch0Controller.nib
copying file ./Payload/Mec.app/Impulse_connect_now02@2x.png ... 
2018-04-11 08:04:36 +0000  168770 bytes for ./Payload/Mec.app/Impulse_connect_now02@2x.png
copying file ./Payload/Mec.app/ActivityStepPlusController.nib ... 
2018-04-11 08:04:36 +0000  10038 bytes for ./Payload/Mec.app/ActivityStepPlusController.nib
copying file ./Payload/Mec.app/ActivitySleepController.nib ... 
2018-04-11 08:04:36 +0000  16443 bytes for ./Payload/Mec.app/ActivitySleepController.nib
copying file ./Payload/Mec.app/notification@3x.png ... 
2018-04-11 08:04:36 +0000  1288 bytes for ./Payload/Mec.app/notification@3x.png
2018-04-11 08:04:36 +0000  copying file ./Payload/Mec.app/EditWatchController.nib ... 
2018-04-11 08:04:36 +0000  4789 bytes for ./Payload/Mec.app/EditWatchController.nib
copying file ./Payload/Mec.app/moving_reminder_icon@3x.png ... 
2018-04-11 08:04:36 +0000  374 bytes for ./Payload/Mec.app/moving_reminder_icon@3x.png
2018-04-11 08:04:36 +0000  copying file ./Payload/Mec.app/icon_battery_100@3x.png ... 
2018-04-11 08:04:36 +0000  718 bytes for ./Payload/Mec.app/icon_battery_100@3x.png
copying file ./Payload/Mec.app/weight_circle_icon01@3x.png ... 
2018-04-11 08:04:36 +0000  22026 bytes for ./Payload/Mec.app/weight_circle_icon01@3x.png
copying file ./Payload/Mec.app/coil_white_coil@3x.png ... 
2018-04-11 08:04:36 +0000  8919 bytes for ./Payload/Mec.app/coil_white_coil@3x.png
copying file ./Payload/Mec.app/icon_battery_activity_50@3x.png ... 
2018-04-11 08:04:36 +0000  694 bytes for ./Payload/Mec.app/icon_battery_activity_50@3x.png
copying file ./Payload/Mec.app/girl_icon_white@3x.png ... 
3781 bytes for ./Payload/Mec.app/girl_icon_white@3x.png
copying file ./Payload/Mec.app/high_circle_icon01@2x.png ... 
2018-04-11 08:04:36 +0000  20979 bytes for ./Payload/Mec.app/high_circle_icon01@2x.png
copying file ./Payload/Mec.app/AppIcon29x29@2x.png ... 
2018-04-11 08:04:36 +0000  3970 bytes for ./Payload/Mec.app/AppIcon29x29@2x.png
copying file ./Payload/Mec.app/daily_alarm_icon@2x.png ... 
2018-04-11 08:04:36 +0000  956 bytes for ./Payload/Mec.app/daily_alarm_icon@2x.png
2018-04-11 08:04:36 +0000  copying file ./Payload/Mec.app/REV_IPS_step_background@2x.png ... 
2018-04-11 08:04:36 +0000  1222413 bytes for ./Payload/Mec.app/REV_IPS_step_background@2x.png
copying file ./Payload/Mec.app/btn_back_nor@3x.png ... 
2018-04-11 08:04:36 +0000  1276 bytes for ./Payload/Mec.app/btn_back_nor@3x.png
copying file ./Payload/Mec.app/special_select_icon@2x.png ... 
2018-04-11 08:04:36 +0000  477 bytes for ./Payload/Mec.app/special_select_icon@2x.png
copying file ./Payload/Mec.app/reload@2x.png ... 
2018-04-11 08:04:36 +0000  1800 bytes for ./Payload/Mec.app/reload@2x.png
copying file ./Payload/Mec.app/time_sync_logo@2x.png ... 
2018-04-11 08:04:36 +0000  5941 bytes for ./Payload/Mec.app/time_sync_logo@2x.png
copying file ./Payload/Mec.app/step_goal_line@2x.png ... 
2018-04-11 08:04:36 +0000  180 bytes for ./Payload/Mec.app/step_goal_line@2x.png
copying file ./Payload/Mec.app/icon_battery_25@3x.png ... 
2018-04-11 08:04:36 +0000  609 bytes for ./Payload/Mec.app/icon_battery_25@3x.png
copying file ./Payload/Mec.app/button_cancel@3x.png ... 
2018-04-11 08:04:36 +0000  2067 bytes for ./Payload/Mec.app/button_cancel@3x.png
copying file ./Payload/Mec.app/connected_icon@2x.png ... 
2018-04-11 08:04:36 +0000  498 bytes for ./Payload/Mec.app/connected_icon@2x.png
copying file ./Payload/Mec.app/ActivityRunController.nib ... 
2018-04-11 08:04:36 +0000  15685 bytes for ./Payload/Mec.app/ActivityRunController.nib
copying file ./Payload/Mec.app/vibration_icon @2x.png ... 
2018-04-11 08:04:36 +0000  1375 bytes for ./Payload/Mec.app/vibration_icon @2x.png
2018-04-11 08:04:36 +0000  copying file ./Payload/Mec.app/speccial_camera@3x.png ... 
2018-04-11 08:04:36 +0000  1561365 bytes for ./Payload/Mec.app/speccial_camera@3x.png
copying file ./Payload/Mec.app/second_time_find_title_black@3x.png ... 
2018-04-11 08:04:36 +0000  751 bytes for ./Payload/Mec.app/second_time_find_title_black@3x.png
copying file ./Payload/Mec.app/my_watch@3x.png ... 
896 bytes for ./Payload/Mec.app/my_watch@3x.png
copying file ./Payload/Mec.app/SetRunGoalController.nib ... 
2018-04-11 08:04:36 +0000  11510 bytes for ./Payload/Mec.app/SetRunGoalController.nib
copying file ./Payload/Mec.app/reurn_button_icon_white@2x.png ... 
2018-04-11 08:04:36 +0000  604 bytes for ./Payload/Mec.app/reurn_button_icon_white@2x.png
copying file ./Payload/Mec.app/find_my_phone_icon@2x.png ... 
2018-04-11 08:04:36 +0000  3043 bytes for ./Payload/Mec.app/find_my_phone_icon@2x.png
copying file ./Payload/Mec.app/impulse_time_time_zone@3x.png ... 
2018-04-11 08:04:36 +0000  55824 bytes for ./Payload/Mec.app/impulse_time_time_zone@3x.png
copying file ./Payload/Mec.app/website@2x.png ... 
2018-04-11 08:04:36 +0000  2277 bytes for ./Payload/Mec.app/website@2x.png
copying file ./Payload/Mec.app/AppIcon40x40@3x.png ... 
2018-04-11 08:04:36 +0000  9371 bytes for ./Payload/Mec.app/AppIcon40x40@3x.png
copying file ./Payload/Mec.app/SetTimeZoneController.nib ... 
2018-04-11 08:04:36 +0000  4866 bytes for ./Payload/Mec.app/SetTimeZoneController.nib
copying file ./Payload/Mec.app/MyProfileController.nib ... 
2018-04-11 08:04:36 +0000  15828 bytes for ./Payload/Mec.app/MyProfileController.nib
copying file ./Payload/Mec.app/NotificationController.nib ... 
2018-04-11 08:04:36 +0000  2874 bytes for ./Payload/Mec.app/NotificationController.nib
2018-04-11 08:04:36 +0000  copying file ./Payload/Mec.app/coil_orange_coil@3x.png ... 
2018-04-11 08:04:36 +0000  9938 bytes for ./Payload/Mec.app/coil_orange_coil@3x.png
2018-04-11 08:04:36 +0000  copying file ./Payload/Mec.app/sleep_circle_color@2x.png ... 
2018-04-11 08:04:36 +0000  31256 bytes for ./Payload/Mec.app/sleep_circle_color@2x.png
2018-04-11 08:04:36 +0000  copying file ./Payload/Mec.app/calls_icon@3x.png ... 
1103 bytes for ./Payload/Mec.app/calls_icon@3x.png
copying file ./Payload/Mec.app/icon_alert@3x.png ... 
2018-04-11 08:04:36 +0000  3186 bytes for ./Payload/Mec.app/icon_alert@3x.png
copying file ./Payload/Mec.app/setting@2x.png ... 
2018-04-11 08:04:36 +0000  2554 bytes for ./Payload/Mec.app/setting@2x.png
2018-04-11 08:04:36 +0000  copying file ./Payload/Mec.app/AppIcon57x57@2x.png ... 
2018-04-11 08:04:36 +0000  8584 bytes for ./Payload/Mec.app/AppIcon57x57@2x.png
2018-04-11 08:04:36 +0000  copying file ./Payload/Mec.app/setting_icon_white@3X.png ... 
2018-04-11 08:04:36 +0000  1050 bytes for ./Payload/Mec.app/setting_icon_white@3X.png
copying file ./Payload/Mec.app/impulse_time_time_zone_clock@2x.png ... 
2018-04-11 08:04:36 +0000  30285 bytes for ./Payload/Mec.app/impulse_time_time_zone_clock@2x.png
2018-04-11 08:04:36 +0000  copying file ./Payload/Mec.app/daily_alarm_cross@3x.png ... 
2018-04-11 08:04:36 +0000  451 bytes for ./Payload/Mec.app/daily_alarm_cross@3x.png
copying file ./Payload/Mec.app/special_noselect_icon@3x.png ... 
2018-04-11 08:04:36 +0000  364 bytes for ./Payload/Mec.app/special_noselect_icon@3x.png
copying file ./Payload/Mec.app/moving_remonder_button@2x.png ... 
2018-04-11 08:04:36 +0000  28774 bytes for ./Payload/Mec.app/moving_remonder_button@2x.png
copying file ./Payload/Mec.app/icon_battery_activity_100@2x.png ... 
2018-04-11 08:04:36 +0000  657 bytes for ./Payload/Mec.app/icon_battery_activity_100@2x.png
2018-04-11 08:04:36 +0000  copying file ./Payload/Mec.app/main_menu_area@3x.png ... 
2018-04-11 08:04:36 +0000  3838 bytes for ./Payload/Mec.app/main_menu_area@3x.png
copying file ./Payload/Mec.app/line_input_accout@2x.png ... 
2018-04-11 08:04:36 +0000  1946 bytes for ./Payload/Mec.app/line_input_accout@2x.png
2018-04-11 08:04:36 +0000  copying file ./Payload/Mec.app/icon_battery_activity_100@3x.png ... 
2018-04-11 08:04:36 +0000  780 bytes for ./Payload/Mec.app/icon_battery_activity_100@3x.png
copying file ./Payload/Mec.app/main_menu_area@2x.png ... 
2018-04-11 08:04:36 +0000  2467 bytes for ./Payload/Mec.app/main_menu_area@2x.png
copying file ./Payload/Mec.app/line_input_accout@3x.png ... 
2018-04-11 08:04:36 +0000  2582 bytes for ./Payload/Mec.app/line_input_accout@3x.png
copying file ./Payload/Mec.app/SetRunTDController.nib ... 
2018-04-11 08:04:36 +0000  5243 bytes for ./Payload/Mec.app/SetRunTDController.nib
copying file ./Payload/Mec.app/impulse_time_time_zone_clock@3x.png ... 
2018-04-11 08:04:36 +0000  44241 bytes for ./Payload/Mec.app/impulse_time_time_zone_clock@3x.png
copying file ./Payload/Mec.app/daily_alarm_cross@2x.png ... 
2018-04-11 08:04:36 +0000  401 bytes for ./Payload/Mec.app/daily_alarm_cross@2x.png
copying file ./Payload/Mec.app/special_noselect_icon@2x.png ... 
2018-04-11 08:04:36 +0000  474 bytes for ./Payload/Mec.app/special_noselect_icon@2x.png
copying file ./Payload/Mec.app/moving_remonder_button@3x.png ... 
2018-04-11 08:04:36 +0000  12041 bytes for ./Payload/Mec.app/moving_remonder_button@3x.png
copying file ./Payload/Mec.app/right_icon@3x.png ... 
2018-04-11 08:04:36 +0000  1184 bytes for ./Payload/Mec.app/right_icon@3x.png
2018-04-11 08:04:36 +0000  copying file ./Payload/Mec.app/setting_icon_white@2x.png ... 
2018-04-11 08:04:36 +0000  1597 bytes for ./Payload/Mec.app/setting_icon_white@2x.png
copying file ./Payload/Mec.app/icon_alert@2x.png ... 
2018-04-11 08:04:36 +0000  1854 bytes for ./Payload/Mec.app/icon_alert@2x.png
copying file ./Payload/Mec.app/setting@3x.png ... 
2018-04-11 08:04:36 +0000  1797 bytes for ./Payload/Mec.app/setting@3x.png
2018-04-11 08:04:36 +0000  copying file ./Payload/Mec.app/sleep_circle_color@3x.png ... 
2018-04-11 08:04:36 +0000  15804 bytes for ./Payload/Mec.app/sleep_circle_color@3x.png
copying file ./Payload/Mec.app/calls_icon@2x.png ... 
2018-04-11 08:04:36 +0000  1322 bytes for ./Payload/Mec.app/calls_icon@2x.png
2018-04-11 08:04:36 +0000  copying file ./Payload/Mec.app/MEC_APP.mp4 ... 
2018-04-11 08:04:36 +0000  1681698 bytes for ./Payload/Mec.app/MEC_APP.mp4
copying file ./Payload/Mec.app/website@3x.png ... 
2018-04-11 08:04:36 +0000  1943 bytes for ./Payload/Mec.app/website@3x.png
copying file ./Payload/Mec.app/AppIcon40x40@2x.png ... 
2018-04-11 08:04:36 +0000  6391 bytes for ./Payload/Mec.app/AppIcon40x40@2x.png
copying file ./Payload/Mec.app/de_ch.strings ... 
2018-04-11 08:04:36 +0000  30416 bytes for ./Payload/Mec.app/de_ch.strings
copying file ./Payload/Mec.app/coil_orange_coil@2x.png ... 
2018-04-11 08:04:36 +0000  5666 bytes for ./Payload/Mec.app/coil_orange_coil@2x.png
copying file ./Payload/Mec.app/Helvetica LT 37 Thin Condensed Oblique.ttf ... 
2018-04-11 08:04:36 +0000  40196 bytes for ./Payload/Mec.app/Helvetica LT 37 Thin Condensed Oblique.ttf
2018-04-11 08:04:36 +0000  copying file ./Payload/Mec.app/SetAlarmController.nib ... 
2018-04-11 08:04:36 +0000  15237 bytes for ./Payload/Mec.app/SetAlarmController.nib
copying file ./Payload/Mec.app/find_my_phone_icon@3x.png ... 
2018-04-11 08:04:36 +0000  2141 bytes for ./Payload/Mec.app/find_my_phone_icon@3x.png
2018-04-11 08:04:36 +0000  copying file ./Payload/Mec.app/eng.strings ... 
2018-04-11 08:04:36 +0000  24070 bytes for ./Payload/Mec.app/eng.strings
2018-04-11 08:04:36 +0000  copying file ./Payload/Mec.app/impulse_time_time_zone@2x.png ... 
2018-04-11 08:04:36 +0000  47550 bytes for ./Payload/Mec.app/impulse_time_time_zone@2x.png
copying file ./Payload/Mec.app/reurn_button_icon_white@3x.png ... 
2018-04-11 08:04:36 +0000  485 bytes for ./Payload/Mec.app/reurn_button_icon_white@3x.png
copying file ./Payload/Mec.app/my_watch@2x.png ... 
2018-04-11 08:04:36 +0000  1026 bytes for ./Payload/Mec.app/my_watch@2x.png
copying file ./Payload/Mec.app/ChangeWatchController.nib ... 
2018-04-11 08:04:36 +0000  7430 bytes for ./Payload/Mec.app/ChangeWatchController.nib
copying file ./Payload/Mec.app/speccial_camera@2x.png ... 
2018-04-11 08:04:36 +0000  779342 bytes for ./Payload/Mec.app/speccial_camera@2x.png
copying file ./Payload/Mec.app/second_time_find_title_black@2x.png ... 
2018-04-11 08:04:36 +0000  1456 bytes for ./Payload/Mec.app/second_time_find_title_black@2x.png
copying file ./Payload/Mec.app/connected_icon@3x.png ... 
2018-04-11 08:04:36 +0000  435 bytes for ./Payload/Mec.app/connected_icon@3x.png
copying file ./Payload/Mec.app/time_sync_logo@3x.png ... 
4021 bytes for ./Payload/Mec.app/time_sync_logo@3x.png
copying file ./Payload/Mec.app/icon_battery_25@2x.png ... 
479 bytes for ./Payload/Mec.app/icon_battery_25@2x.png
copying file ./Payload/Mec.app/step_goal_line@3x.png ... 
2018-04-11 08:04:36 +0000  173 bytes for ./Payload/Mec.app/step_goal_line@3x.png
copying file ./Payload/Mec.app/button_cancel@2x.png ... 
2018-04-11 08:04:36 +0000  3958 bytes for ./Payload/Mec.app/button_cancel@2x.png
2018-04-11 08:04:36 +0000  copying file ./Payload/Mec.app/daily_alarm_icon@3x.png ... 
793 bytes for ./Payload/Mec.app/daily_alarm_icon@3x.png
2018-04-11 08:04:36 +0000  copying file ./Payload/Mec.app/REV_IPS_step_background@3x.png ... 
2018-04-11 08:04:36 +0000  2624720 bytes for ./Payload/Mec.app/REV_IPS_step_background@3x.png
2018-04-11 08:04:36 +0000  copying file ./Payload/Mec.app/btn_back_nor@2x.png ... 
769 bytes for ./Payload/Mec.app/btn_back_nor@2x.png
copying file ./Payload/Mec.app/Helvetica LT 37 Thin Condensed.ttf ... 
2018-04-11 08:04:36 +0000  40152 bytes for ./Payload/Mec.app/Helvetica LT 37 Thin Condensed.ttf
copying file ./Payload/Mec.app/special_select_icon@3x.png ... 
2018-04-11 08:04:36 +0000  374 bytes for ./Payload/Mec.app/special_select_icon@3x.png
2018-04-11 08:04:36 +0000  copying file ./Payload/Mec.app/icon_battery_activity_50@2x.png ... 
2018-04-11 08:04:36 +0000  569 bytes for ./Payload/Mec.app/icon_battery_activity_50@2x.png
copying file ./Payload/Mec.app/girl_icon_white@2x.png ... 
2018-04-11 08:04:36 +0000  7556 bytes for ./Payload/Mec.app/girl_icon_white@2x.png
copying file ./Payload/Mec.app/high_circle_icon01@3x.png ... 
2018-04-11 08:04:36 +0000  12084 bytes for ./Payload/Mec.app/high_circle_icon01@3x.png
2018-04-11 08:04:36 +0000  copying file ./Payload/Mec.app/weight_circle_icon01@2x.png ... 
2018-04-11 08:04:36 +0000  32799 bytes for ./Payload/Mec.app/weight_circle_icon01@2x.png
copying file ./Payload/Mec.app/HelpMenuController.nib ... 
2018-04-11 08:04:36 +0000  10362 bytes for ./Payload/Mec.app/HelpMenuController.nib
copying file ./Payload/Mec.app/coil_white_coil@2x.png ... 
2018-04-11 08:04:36 +0000  5052 bytes for ./Payload/Mec.app/coil_white_coil@2x.png
copying file ./Payload/Mec.app/moving_reminder_icon@2x.png ... 
2018-04-11 08:04:36 +0000  916 bytes for ./Payload/Mec.app/moving_reminder_icon@2x.png
2018-04-11 08:04:36 +0000  copying file ./Payload/Mec.app/AlarmViewCell.nib ... 
2018-04-11 08:04:36 +0000  8216 bytes for ./Payload/Mec.app/AlarmViewCell.nib
copying file ./Payload/Mec.app/icon_battery_100@2x.png ... 
2018-04-11 08:04:36 +0000  590 bytes for ./Payload/Mec.app/icon_battery_100@2x.png
copying file ./Payload/Mec.app/notification@2x.png ... 
2018-04-11 08:04:36 +0000  1419 bytes for ./Payload/Mec.app/notification@2x.png
2018-04-11 08:04:36 +0000  copying file ./Payload/Mec.app/cs.strings ... 
2018-04-11 08:04:36 +0000  15027 bytes for ./Payload/Mec.app/cs.strings
copying file ./Payload/Mec.app/help_account_CS.png ... 
2018-04-11 08:04:36 +0000  47769 bytes for ./Payload/Mec.app/help_account_CS.png
copying file ./Payload/Mec.app/Impulse_connect_now02@3x.png ... 
2018-04-11 08:04:36 +0000  343705 bytes for ./Payload/Mec.app/Impulse_connect_now02@3x.png
copying file ./Payload/Mec.app/activity_title_icon@2x.png ... 
2018-04-11 08:04:36 +0000  711 bytes for ./Payload/Mec.app/activity_title_icon@2x.png
copying file ./Payload/Mec.app/AppIcon60x60@3x.png ... 
2018-04-11 08:04:36 +0000  13252 bytes for ./Payload/Mec.app/AppIcon60x60@3x.png
2018-04-11 08:04:36 +0000  copying file ./Payload/Mec.app/weight_circle_icon03@3x.png ... 
2018-04-11 08:04:36 +0000  22053 bytes for ./Payload/Mec.app/weight_circle_icon03@3x.png
copying file ./Payload/Mec.app/MenuController.nib ... 
2018-04-11 08:04:36 +0000  11396 bytes for ./Payload/Mec.app/MenuController.nib
copying file ./Payload/Mec.app/ServiceController.nib ... 
2018-04-11 08:04:36 +0000  9784 bytes for ./Payload/Mec.app/ServiceController.nib
copying file ./Payload/Mec.app/pl.strings ... 
2018-04-11 08:04:36 +0000  31224 bytes for ./Payload/Mec.app/pl.strings
copying file ./Payload/Mec.app/ips_setting_ui02@2x.png ... 
2018-04-11 08:04:36 +0000  896339 bytes for ./Payload/Mec.app/ips_setting_ui02@2x.png
copying file ./Payload/Mec.app/high_circle_icon03@2x.png ... 
2018-04-11 08:04:36 +0000  21080 bytes for ./Payload/Mec.app/high_circle_icon03@2x.png
2018-04-11 08:04:36 +0000  copying file ./Payload/Mec.app/Base.lproj/HibitController.nib ... 
3312 bytes for ./Payload/Mec.app/Base.lproj/HibitController.nib
copying file ./Payload/Mec.app/Base.lproj/LaunchScreen.storyboardc/01J-lp-oVM-view-Ze5-6b-2t3.nib ... 
2018-04-11 08:04:36 +0000  2293 bytes for ./Payload/Mec.app/Base.lproj/LaunchScreen.storyboardc/01J-lp-oVM-view-Ze5-6b-2t3.nib
2018-04-11 08:04:36 +0000  copying file ./Payload/Mec.app/Base.lproj/LaunchScreen.storyboardc/UIViewController-01J-lp-oVM.nib ... 
2018-04-11 08:04:36 +0000  832 bytes for ./Payload/Mec.app/Base.lproj/LaunchScreen.storyboardc/UIViewController-01J-lp-oVM.nib
copying file ./Payload/Mec.app/Base.lproj/LaunchScreen.storyboardc/Info.plist ... 
2018-04-11 08:04:36 +0000  258 bytes for ./Payload/Mec.app/Base.lproj/LaunchScreen.storyboardc/Info.plist
copying file ./Payload/Mec.app/time_sync_circle_gary@3x.png ... 
2018-04-11 08:04:36 +0000  9967 bytes for ./Payload/Mec.app/time_sync_circle_gary@3x.png
copying file ./Payload/Mec.app/battery75@2x.png ... 
2018-04-11 08:04:36 +0000  961 bytes for ./Payload/Mec.app/battery75@2x.png
2018-04-11 08:04:36 +0000  copying file ./Payload/Mec.app/goal_icon_black@2x.png ... 
2018-04-11 08:04:36 +0000  2041 bytes for ./Payload/Mec.app/goal_icon_black@2x.png
copying file ./Payload/Mec.app/check_icon@2x.png ... 
2018-04-11 08:04:36 +0000  455 bytes for ./Payload/Mec.app/check_icon@2x.png
copying file ./Payload/Mec.app/line_partition_rungoal@3x.png ... 
2018-04-11 08:04:36 +0000  1621 bytes for ./Payload/Mec.app/line_partition_rungoal@3x.png
copying file ./Payload/Mec.app/Renew_icon@3x.png ... 
2018-04-11 08:04:36 +0000  541 bytes for ./Payload/Mec.app/Renew_icon@3x.png
copying file ./Payload/Mec.app/run_time_icon@3x.png ... 
2018-04-11 08:04:36 +0000  2262 bytes for ./Payload/Mec.app/run_time_icon@3x.png
copying file ./Payload/Mec.app/date_select_left_icon@2x.png ... 
2018-04-11 08:04:36 +0000  472 bytes for ./Payload/Mec.app/date_select_left_icon@2x.png
copying file ./Payload/Mec.app/REV_IPS_sleep_W_background@3x.png ... 
2018-04-11 08:04:36 +0000  1254181 bytes for ./Payload/Mec.app/REV_IPS_sleep_W_background@3x.png
copying file ./Payload/Mec.app/UpdateFirmwareHelpController.nib ... 
2018-04-11 08:04:36 +0000  7056 bytes for ./Payload/Mec.app/UpdateFirmwareHelpController.nib
copying file ./Payload/Mec.app/Revolution_connect_now02@3x.png ... 
2018-04-11 08:04:36 +0000  290239 bytes for ./Payload/Mec.app/Revolution_connect_now02@3x.png
copying file ./Payload/Mec.app/set_run_goal@2x.png ... 
2018-04-11 08:04:36 +0000  517411 bytes for ./Payload/Mec.app/set_run_goal@2x.png
copying file ./Payload/Mec.app/activity_select_background@2x.png ... 
2018-04-11 08:04:36 +0000  1355285 bytes for ./Payload/Mec.app/activity_select_background@2x.png
2018-04-11 08:04:36 +0000  copying file ./Payload/Mec.app/Select_basic_watch@3x.png ... 
2018-04-11 08:04:36 +0000  127464 bytes for ./Payload/Mec.app/Select_basic_watch@3x.png
copying file ./Payload/Mec.app/IM_icon@3x.png ... 
2018-04-11 08:04:36 +0000  279 bytes for ./Payload/Mec.app/IM_icon@3x.png
copying file ./Payload/Mec.app/second_time_find_icon@3x.png ... 
752 bytes for ./Payload/Mec.app/second_time_find_icon@3x.png
copying file ./Payload/Mec.app/watch_type_background@3x.png ... 
2018-04-11 08:04:36 +0000  202540 bytes for ./Payload/Mec.app/watch_type_background@3x.png
2018-04-11 08:04:36 +0000  copying file ./Payload/Mec.app/battery25@2x.png ... 
697 bytes for ./Payload/Mec.app/battery25@2x.png
copying file ./Payload/Mec.app/reset_icon@2x.png ... 
2018-04-11 08:04:36 +0000  840 bytes for ./Payload/Mec.app/reset_icon@2x.png
copying file ./Payload/Mec.app/RegisterController.nib ... 
2018-04-11 08:04:36 +0000  36542 bytes for ./Payload/Mec.app/RegisterController.nib
copying file ./Payload/Mec.app/time_adjust_button_right@2x.png ... 
2018-04-11 08:04:36 +0000  6814 bytes for ./Payload/Mec.app/time_adjust_button_right@2x.png
copying file ./Payload/Mec.app/REV_IPS_run_W_background@3x.png ... 
2018-04-11 08:04:36 +0000  2088334 bytes for ./Payload/Mec.app/REV_IPS_run_W_background@3x.png
copying file ./Payload/Mec.app/uncheck_icon@2x.png ... 
2018-04-11 08:04:36 +0000  181 bytes for ./Payload/Mec.app/uncheck_icon@2x.png
copying file ./Payload/Mec.app/sleep_habit_ui@2x.png ... 
2018-04-11 08:04:36 +0000  288262 bytes for ./Payload/Mec.app/sleep_habit_ui@2x.png
copying file ./Payload/Mec.app/reurn_button_icon@3x.png ... 
2018-04-11 08:04:36 +0000  328 bytes for ./Payload/Mec.app/reurn_button_icon@3x.png
copying file ./Payload/Mec.app/MEC_MikeEllis_ANCS_V03C.hex ... 
2018-04-11 08:04:36 +0000  127897 bytes for ./Payload/Mec.app/MEC_MikeEllis_ANCS_V03C.hex
copying file ./Payload/Mec.app/white_circle_md@2x.png ... 
2018-04-11 08:04:36 +0000  8845 bytes for ./Payload/Mec.app/white_circle_md@2x.png
2018-04-11 08:04:36 +0000  copying file ./Payload/Mec.app/MEC_time_select@3x.png ... 
2018-04-11 08:04:36 +0000  17961 bytes for ./Payload/Mec.app/MEC_time_select@3x.png
copying file ./Payload/Mec.app/high_circle_icon04@3x.png ... 
2018-04-11 08:04:36 +0000  12042 bytes for ./Payload/Mec.app/high_circle_icon04@3x.png
2018-04-11 08:04:36 +0000  copying file ./Payload/Mec.app/ActivityRunMonthController.nib ... 
2018-04-11 08:04:36 +0000  6649 bytes for ./Payload/Mec.app/ActivityRunMonthController.nib
copying file ./Payload/Mec.app/weight_circle_icon04@2x.png ... 
2018-04-11 08:04:36 +0000  32894 bytes for ./Payload/Mec.app/weight_circle_icon04@2x.png
copying file ./Payload/Mec.app/sleep_habit@2x.png ... 
2018-04-11 08:04:36 +0000  1904 bytes for ./Payload/Mec.app/sleep_habit@2x.png
2018-04-11 08:04:36 +0000  copying file ./Payload/Mec.app/service_icon@3x.png ... 
2018-04-11 08:04:36 +0000  605 bytes for ./Payload/Mec.app/service_icon@3x.png
copying file ./Payload/Mec.app/Helvetica LT 107 Extra Black Condensed Oblique.ttf ... 
2018-04-11 08:04:36 +0000  40608 bytes for ./Payload/Mec.app/Helvetica LT 107 Extra Black Condensed Oblique.ttf
copying file ./Payload/Mec.app/item_on_icon@2x.png ... 
2018-04-11 08:04:36 +0000  1932 bytes for ./Payload/Mec.app/item_on_icon@2x.png
2018-04-11 08:04:36 +0000  copying file ./Payload/Mec.app/notification_icon@2x.png ... 
2018-04-11 08:04:36 +0000  1021 bytes for ./Payload/Mec.app/notification_icon@2x.png
copying file ./Payload/Mec.app/icon_battery_activity_00@2x.png ... 
2018-04-11 08:04:36 +0000  480 bytes for ./Payload/Mec.app/icon_battery_activity_00@2x.png
copying file ./Payload/Mec.app/button_on@3x.png ... 
2018-04-11 08:04:36 +0000  2896 bytes for ./Payload/Mec.app/button_on@3x.png
copying file ./Payload/Mec.app/cht.strings ... 
2018-04-11 08:04:36 +0000  13875 bytes for ./Payload/Mec.app/cht.strings
copying file ./Payload/Mec.app/StepLengthController.nib ... 
2018-04-11 08:04:36 +0000  5067 bytes for ./Payload/Mec.app/StepLengthController.nib
copying file ./Payload/Mec.app/photo_area01@2x.png ... 
2018-04-11 08:04:36 +0000  13377 bytes for ./Payload/Mec.app/photo_area01@2x.png
copying file ./Payload/Mec.app/btn_orange_nor@2x.png ... 
2018-04-11 08:04:36 +0000  822 bytes for ./Payload/Mec.app/btn_orange_nor@2x.png
copying file ./Payload/Mec.app/unit_on_icon@2x.png ... 
2018-04-11 08:04:36 +0000  3901 bytes for ./Payload/Mec.app/unit_on_icon@2x.png
copying file ./Payload/Mec.app/Basic_connect_now01@3x.png ... 
2018-04-11 08:04:36 +0000  245444 bytes for ./Payload/Mec.app/Basic_connect_now01@3x.png
copying file ./Payload/Mec.app/Helvetica LT 23 Ultra Light Extended.ttf ... 
2018-04-11 08:04:36 +0000  39780 bytes for ./Payload/Mec.app/Helvetica LT 23 Ultra Light Extended.ttf
copying file ./Payload/Mec.app/time_adjust_button_left@3x.png ... 
2018-04-11 08:04:36 +0000  3387 bytes for ./Payload/Mec.app/time_adjust_button_left@3x.png
2018-04-11 08:04:36 +0000  copying file ./Payload/Mec.app/help_icon@3x.png ... 
2018-04-11 08:04:36 +0000  1348 bytes for ./Payload/Mec.app/help_icon@3x.png
copying file ./Payload/Mec.app/ResetController.nib ... 
2018-04-11 08:04:36 +0000  6608 bytes for ./Payload/Mec.app/ResetController.nib
copying file ./Payload/Mec.app/revolve_activity_0@2x.png ... 
2018-04-11 08:04:36 +0000  14049 bytes for ./Payload/Mec.app/revolve_activity_0@2x.png
copying file ./Payload/Mec.app/Helvetica LT 35 Thin.ttf ... 
2018-04-11 08:04:36 +0000  49120 bytes for ./Payload/Mec.app/Helvetica LT 35 Thin.ttf
copying file ./Payload/Mec.app/fr.strings ... 
2018-04-11 08:04:36 +0000  16978 bytes for ./Payload/Mec.app/fr.strings
copying file ./Payload/Mec.app/REV_IPS_run_background@3x.png ... 
2018-04-11 08:04:36 +0000  2104313 bytes for ./Payload/Mec.app/REV_IPS_run_background@3x.png
copying file ./Payload/Mec.app/btn_menu_nor@3x.png ... 
2018-04-11 08:04:36 +0000  222 bytes for ./Payload/Mec.app/btn_menu_nor@3x.png
copying file ./Payload/Mec.app/ActivityRunWeekController.nib ... 
2018-04-11 08:04:36 +0000  15872 bytes for ./Payload/Mec.app/ActivityRunWeekController.nib
copying file ./Payload/Mec.app/basic_REV_time_adjust_watch@3x.png ... 
2018-04-11 08:04:36 +0000  252282 bytes for ./Payload/Mec.app/basic_REV_time_adjust_watch@3x.png
copying file ./Payload/Mec.app/privacy_icon@3x.png ... 
2018-04-11 08:04:36 +0000  424 bytes for ./Payload/Mec.app/privacy_icon@3x.png
copying file ./Payload/Mec.app/logo@3x.png ... 
2018-04-11 08:04:36 +0000  16650 bytes for ./Payload/Mec.app/logo@3x.png
copying file ./Payload/Mec.app/icon_battery_75@2x.png ... 
2018-04-11 08:04:36 +0000  543 bytes for ./Payload/Mec.app/icon_battery_75@2x.png
copying file ./Payload/Mec.app/man_icon@2x.png ... 
2018-04-11 08:04:36 +0000  5666 bytes for ./Payload/Mec.app/man_icon@2x.png
copying file ./Payload/Mec.app/help_account_NL.png ... 
2018-04-11 08:04:36 +0000  48459 bytes for ./Payload/Mec.app/help_account_NL.png
copying file ./Payload/Mec.app/unit_icon@2x.png ... 
2018-04-11 08:04:36 +0000  726 bytes for ./Payload/Mec.app/unit_icon@2x.png
copying file ./Payload/Mec.app/menu_icon_black@3x.png ... 
2018-04-11 08:04:36 +0000  364 bytes for ./Payload/Mec.app/menu_icon_black@3x.png
copying file ./Payload/Mec.app/term_of_use_icon@3x.png ... 
2018-04-11 08:04:36 +0000  380 bytes for ./Payload/Mec.app/term_of_use_icon@3x.png
copying file ./Payload/Mec.app/Assets.car ... 
2018-04-11 08:04:36 +0000  153288 bytes for ./Payload/Mec.app/Assets.car
copying file ./Payload/Mec.app/Basic_connect_now_phone@2x.png ... 
2475 bytes for ./Payload/Mec.app/Basic_connect_now_phone@2x.png
copying file ./Payload/Mec.app/vibration_icon@3x.png ... 
1269 bytes for ./Payload/Mec.app/vibration_icon@3x.png
copying file ./Payload/Mec.app/sleep_goal_line@3x.png ... 
178 bytes for ./Payload/Mec.app/sleep_goal_line@3x.png
copying file ./Payload/Mec.app/help_UI@2x.png ... 
2018-04-11 08:04:36 +0000  519880 bytes for ./Payload/Mec.app/help_UI@2x.png
2018-04-11 08:04:36 +0000  copying file ./Payload/Mec.app/default_logo@2x.png ... 
2018-04-11 08:04:36 +0000  45205 bytes for ./Payload/Mec.app/default_logo@2x.png
copying file ./Payload/Mec.app/Helvetica LT 27 Ultra Light Condensed Oblique.ttf ... 
2018-04-11 08:04:36 +0000  40984 bytes for ./Payload/Mec.app/Helvetica LT 27 Ultra Light Condensed Oblique.ttf
copying file ./Payload/Mec.app/impulse_clock_hour@2x.png ... 
2018-04-11 08:04:36 +0000  134713 bytes for ./Payload/Mec.app/impulse_clock_hour@2x.png
copying file ./Payload/Mec.app/daily_alarm_clock@3x.png ... 
2018-04-11 08:04:36 +0000  123317 bytes for ./Payload/Mec.app/daily_alarm_clock@3x.png
copying file ./Payload/Mec.app/HelpController.nib ... 
2018-04-11 08:04:36 +0000  7624 bytes for ./Payload/Mec.app/HelpController.nib
copying file ./Payload/Mec.app/button_on_de@3x.png ... 
2018-04-11 08:04:36 +0000  2995 bytes for ./Payload/Mec.app/button_on_de@3x.png
copying file ./Payload/Mec.app/step_circle_color@2x.png ... 
2018-04-11 08:04:36 +0000  27277 bytes for ./Payload/Mec.app/step_circle_color@2x.png
copying file ./Payload/Mec.app/line_account_bg@3x.png ... 
2018-04-11 08:04:36 +0000  1798 bytes for ./Payload/Mec.app/line_account_bg@3x.png
copying file ./Payload/Mec.app/button_on_de@2x.png ... 
2018-04-11 08:04:36 +0000  1869 bytes for ./Payload/Mec.app/button_on_de@2x.png
2018-04-11 08:04:36 +0000  copying file ./Payload/Mec.app/step_circle_color@3x.png ... 
2018-04-11 08:04:36 +0000  14697 bytes for ./Payload/Mec.app/step_circle_color@3x.png
2018-04-11 08:04:36 +0000  copying file ./Payload/Mec.app/line_account_bg@2x.png ... 
934 bytes for ./Payload/Mec.app/line_account_bg@2x.png
2018-04-11 08:04:36 +0000  copying file ./Payload/Mec.app/daily_alarm_clock@2x.png ... 
2018-04-11 08:04:36 +0000  92392 bytes for ./Payload/Mec.app/daily_alarm_clock@2x.png
copying file ./Payload/Mec.app/NotificationsController.nib ... 
2018-04-11 08:04:36 +0000  14763 bytes for ./Payload/Mec.app/NotificationsController.nib
copying file ./Payload/Mec.app/impulse_clock_hour@3x.png ... 
2018-04-11 08:04:36 +0000  135856 bytes for ./Payload/Mec.app/impulse_clock_hour@3x.png
copying file ./Payload/Mec.app/pt.strings ... 
2018-04-11 08:04:36 +0000  15992 bytes for ./Payload/Mec.app/pt.strings
copying file ./Payload/Mec.app/default_logo@3x.png ... 
2018-04-11 08:04:36 +0000  28052 bytes for ./Payload/Mec.app/default_logo@3x.png
copying file ./Payload/Mec.app/sleep_goal_line@2x.png ... 
2018-04-11 08:04:36 +0000  178 bytes for ./Payload/Mec.app/sleep_goal_line@2x.png
copying file ./Payload/Mec.app/help_UI@3x.png ... 
2018-04-11 08:04:37 +0000  1097691 bytes for ./Payload/Mec.app/help_UI@3x.png
copying file ./Payload/Mec.app/ActivitySleepWeekController.nib ... 
2018-04-11 08:04:37 +0000  15876 bytes for ./Payload/Mec.app/ActivitySleepWeekController.nib
2018-04-11 08:04:37 +0000  copying file ./Payload/Mec.app/NotificationCell.nib ... 
2018-04-11 08:04:37 +0000  5887 bytes for ./Payload/Mec.app/NotificationCell.nib
2018-04-11 08:04:37 +0000  copying file ./Payload/Mec.app/NotificationCell3.nib ... 
2018-04-11 08:04:37 +0000  7566 bytes for ./Payload/Mec.app/NotificationCell3.nib
copying file ./Payload/Mec.app/term_of_use_icon@2x.png ... 
2018-04-11 08:04:37 +0000  477 bytes for ./Payload/Mec.app/term_of_use_icon@2x.png
copying file ./Payload/Mec.app/RegisterControllerWeight.nib ... 
2018-04-11 08:04:37 +0000  7917 bytes for ./Payload/Mec.app/RegisterControllerWeight.nib
copying file ./Payload/Mec.app/Basic_connect_now_phone@3x.png ... 
2018-04-11 08:04:37 +0000  3083 bytes for ./Payload/Mec.app/Basic_connect_now_phone@3x.png
copying file ./Payload/Mec.app/unit_icon@3x.png ... 
2018-04-11 08:04:37 +0000  391 bytes for ./Payload/Mec.app/unit_icon@3x.png
copying file ./Payload/Mec.app/NotificationCell2.nib ... 
2018-04-11 08:04:37 +0000  9671 bytes for ./Payload/Mec.app/NotificationCell2.nib
copying file ./Payload/Mec.app/menu_icon_black@2x.png ... 
2018-04-11 08:04:37 +0000  310 bytes for ./Payload/Mec.app/menu_icon_black@2x.png
copying file ./Payload/Mec.app/TimeShowController.nib ... 
2018-04-11 08:04:37 +0000  6197 bytes for ./Payload/Mec.app/TimeShowController.nib
copying file ./Payload/Mec.app/man_icon@3x.png ... 
2018-04-11 08:04:37 +0000  3641 bytes for ./Payload/Mec.app/man_icon@3x.png
copying file ./Payload/Mec.app/menu-button@2x.png ... 
2018-04-11 08:04:37 +0000  174 bytes for ./Payload/Mec.app/menu-button@2x.png
copying file ./Payload/Mec.app/RegisterController2.nib ... 
2018-04-11 08:04:37 +0000  3054 bytes for ./Payload/Mec.app/RegisterController2.nib
copying file ./Payload/Mec.app/logo@2x.png ... 
2018-04-11 08:04:37 +0000  26196 bytes for ./Payload/Mec.app/logo@2x.png
copying file ./Payload/Mec.app/icon_battery_75@3x.png ... 
2018-04-11 08:04:37 +0000  687 bytes for ./Payload/Mec.app/icon_battery_75@3x.png
copying file ./Payload/Mec.app/Helvetica LT 43 Light Extended Oblique.ttf ... 
2018-04-11 08:04:37 +0000  40536 bytes for ./Payload/Mec.app/Helvetica LT 43 Light Extended Oblique.ttf
copying file ./Payload/Mec.app/basic_REV_time_adjust_watch@2x.png ... 
2018-04-11 08:04:37 +0000  126486 bytes for ./Payload/Mec.app/basic_REV_time_adjust_watch@2x.png
copying file ./Payload/Mec.app/privacy_icon@2x.png ... 
2018-04-11 08:04:37 +0000  594 bytes for ./Payload/Mec.app/privacy_icon@2x.png
copying file ./Payload/Mec.app/REV_IPS_run_background@2x.png ... 
2018-04-11 08:04:37 +0000  833380 bytes for ./Payload/Mec.app/REV_IPS_run_background@2x.png
copying file ./Payload/Mec.app/btn_menu_nor@2x.png ... 
2018-04-11 08:04:37 +0000  201 bytes for ./Payload/Mec.app/btn_menu_nor@2x.png
copying file ./Payload/Mec.app/revolve_activity_0@3x.png ... 
2018-04-11 08:04:37 +0000  25759 bytes for ./Payload/Mec.app/revolve_activity_0@3x.png
copying file ./Payload/Mec.app/help_icon@2x.png ... 
2018-04-11 08:04:37 +0000  1975 bytes for ./Payload/Mec.app/help_icon@2x.png
2018-04-11 08:04:37 +0000  copying file ./Payload/Mec.app/TermsController.nib ... 
2018-04-11 08:04:37 +0000  7626 bytes for ./Payload/Mec.app/TermsController.nib
copying file ./Payload/Mec.app/time_adjust_button_left@2x.png ... 
2018-04-11 08:04:37 +0000  6813 bytes for ./Payload/Mec.app/time_adjust_button_left@2x.png
copying file ./Payload/Mec.app/SetTimeController.nib ... 
2018-04-11 08:04:37 +0000  15352 bytes for ./Payload/Mec.app/SetTimeController.nib
copying file ./Payload/Mec.app/Basic_connect_now01@2x.png ... 
2018-04-11 08:04:37 +0000  127912 bytes for ./Payload/Mec.app/Basic_connect_now01@2x.png
2018-04-11 08:04:37 +0000  copying file ./Payload/Mec.app/ActivityStepController.nib ... 
2018-04-11 08:04:37 +0000  15711 bytes for ./Payload/Mec.app/ActivityStepController.nib
copying file ./Payload/Mec.app/btn_orange_nor@3x.png ... 
2018-04-11 08:04:37 +0000  1660 bytes for ./Payload/Mec.app/btn_orange_nor@3x.png
copying file ./Payload/Mec.app/unit_on_icon@3x.png ... 
2018-04-11 08:04:37 +0000  3392 bytes for ./Payload/Mec.app/unit_on_icon@3x.png
copying file ./Payload/Mec.app/button_on@2x.png ... 
2018-04-11 08:04:37 +0000  2046 bytes for ./Payload/Mec.app/button_on@2x.png
copying file ./Payload/Mec.app/SetTimeImpulseController.nib ... 
2018-04-11 08:04:37 +0000  8201 bytes for ./Payload/Mec.app/SetTimeImpulseController.nib
2018-04-11 08:04:37 +0000  copying file ./Payload/Mec.app/photo_area01@3x.png ... 
2018-04-11 08:04:37 +0000  6589 bytes for ./Payload/Mec.app/photo_area01@3x.png
copying file ./Payload/Mec.app/RegisterController0.nib ... 
2018-04-11 08:04:37 +0000  9455 bytes for ./Payload/Mec.app/RegisterController0.nib
copying file ./Payload/Mec.app/notification_icon@3x.png ... 
2018-04-11 08:04:37 +0000  838 bytes for ./Payload/Mec.app/notification_icon@3x.png
copying file ./Payload/Mec.app/icon_battery_activity_00@3x.png ... 
2018-04-11 08:04:37 +0000  616 bytes for ./Payload/Mec.app/icon_battery_activity_00@3x.png
copying file ./Payload/Mec.app/item_on_icon@3x.png ... 
2018-04-11 08:04:37 +0000  1211 bytes for ./Payload/Mec.app/item_on_icon@3x.png
2018-04-11 08:04:37 +0000  copying file ./Payload/Mec.app/weight_circle_icon04@3x.png ... 
2018-04-11 08:04:37 +0000  21921 bytes for ./Payload/Mec.app/weight_circle_icon04@3x.png
copying file ./Payload/Mec.app/sleep_habit@3x.png ... 
2018-04-11 08:04:37 +0000  1000 bytes for ./Payload/Mec.app/sleep_habit@3x.png
copying file ./Payload/Mec.app/service_icon@2x.png ... 
2018-04-11 08:04:37 +0000  771 bytes for ./Payload/Mec.app/service_icon@2x.png
2018-04-11 08:04:37 +0000  copying file ./Payload/Mec.app/reurn_button_icon@2x.png ... 
2018-04-11 08:04:37 +0000  444 bytes for ./Payload/Mec.app/reurn_button_icon@2x.png
copying file ./Payload/Mec.app/white_circle_md@3x.png ... 
2018-04-11 08:04:37 +0000  10868 bytes for ./Payload/Mec.app/white_circle_md@3x.png
copying file ./Payload/Mec.app/MEC_time_select@2x.png ... 
2018-04-11 08:04:37 +0000  17713 bytes for ./Payload/Mec.app/MEC_time_select@2x.png
copying file ./Payload/Mec.app/high_circle_icon04@2x.png ... 
2018-04-11 08:04:37 +0000  21189 bytes for ./Payload/Mec.app/high_circle_icon04@2x.png
copying file ./Payload/Mec.app/REV_IPS_run_W_background@2x.png ... 
2018-04-11 08:04:37 +0000  825301 bytes for ./Payload/Mec.app/REV_IPS_run_W_background@2x.png
copying file ./Payload/Mec.app/uncheck_icon@3x.png ... 
2018-04-11 08:04:37 +0000  189 bytes for ./Payload/Mec.app/uncheck_icon@3x.png
copying file ./Payload/Mec.app/sleep_habit_ui@3x.png ... 
2018-04-11 08:04:37 +0000  555765 bytes for ./Payload/Mec.app/sleep_habit_ui@3x.png
copying file ./Payload/Mec.app/TimeZoneViewCell.nib ... 
2018-04-11 08:04:37 +0000  7629 bytes for ./Payload/Mec.app/TimeZoneViewCell.nib
copying file ./Payload/Mec.app/RegisterController1.nib ... 
2018-04-11 08:04:37 +0000  5767 bytes for ./Payload/Mec.app/RegisterController1.nib
copying file ./Payload/Mec.app/time_adjust_button_right@3x.png ... 
2018-04-11 08:04:37 +0000  3402 bytes for ./Payload/Mec.app/time_adjust_button_right@3x.png
2018-04-11 08:04:37 +0000  copying file ./Payload/Mec.app/Helvetica LT 26 Ultra Light Italic.ttf ... 
2018-04-11 08:04:37 +0000  51172 bytes for ./Payload/Mec.app/Helvetica LT 26 Ultra Light Italic.ttf
2018-04-11 08:04:37 +0000  copying file ./Payload/Mec.app/second_time_find_icon@2x.png ... 
2018-04-11 08:04:37 +0000  1492 bytes for ./Payload/Mec.app/second_time_find_icon@2x.png
copying file ./Payload/Mec.app/battery25@3x.png ... 
2018-04-11 08:04:37 +0000  308 bytes for ./Payload/Mec.app/battery25@3x.png
copying file ./Payload/Mec.app/watch_type_background@2x.png ... 
2018-04-11 08:04:37 +0000  185309 bytes for ./Payload/Mec.app/watch_type_background@2x.png
copying file ./Payload/Mec.app/reset_icon@3x.png ... 
2018-04-11 08:04:37 +0000  622 bytes for ./Payload/Mec.app/reset_icon@3x.png
copying file ./Payload/Mec.app/Select_basic_watch@2x.png ... 
2018-04-11 08:04:37 +0000  69543 bytes for ./Payload/Mec.app/Select_basic_watch@2x.png
2018-04-11 08:04:37 +0000  copying file ./Payload/Mec.app/IM_icon@2x.png ... 
560 bytes for ./Payload/Mec.app/IM_icon@2x.png
copying file ./Payload/Mec.app/activity_select_background@3x.png ... 
2018-04-11 08:04:37 +0000  2890322 bytes for ./Payload/Mec.app/activity_select_background@3x.png
copying file ./Payload/Mec.app/Revolution_connect_now02@2x.png ... 
2018-04-11 08:04:37 +0000  140094 bytes for ./Payload/Mec.app/Revolution_connect_now02@2x.png
copying file ./Payload/Mec.app/SpFeatureController.nib ... 
2018-04-11 08:04:37 +0000  6753 bytes for ./Payload/Mec.app/SpFeatureController.nib
copying file ./Payload/Mec.app/set_run_goal@3x.png ... 
2018-04-11 08:04:37 +0000  1270498 bytes for ./Payload/Mec.app/set_run_goal@3x.png
copying file ./Payload/Mec.app/email_icon@2x.png ... 
2018-04-11 08:04:37 +0000  786 bytes for ./Payload/Mec.app/email_icon@2x.png
copying file ./Payload/Mec.app/icon_battery_00@3x.png ... 
2018-04-11 08:04:37 +0000  568 bytes for ./Payload/Mec.app/icon_battery_00@3x.png
copying file ./Payload/Mec.app/MyWatchController.nib ... 
2018-04-11 08:04:37 +0000  9286 bytes for ./Payload/Mec.app/MyWatchController.nib
copying file ./Payload/Mec.app/AcitvityPageController.nib ... 
2018-04-11 08:04:37 +0000  6749 bytes for ./Payload/Mec.app/AcitvityPageController.nib
copying file ./Payload/Mec.app/button_off_de@2x.png ... 
2018-04-11 08:04:37 +0000  1251 bytes for ./Payload/Mec.app/button_off_de@2x.png
2018-04-11 08:04:37 +0000  copying file ./Payload/Mec.app/MainPageController.nib ... 
2018-04-11 08:04:37 +0000  17029 bytes for ./Payload/Mec.app/MainPageController.nib
copying file ./Payload/Mec.app/de_at.strings ... 
2018-04-11 08:04:37 +0000  30416 bytes for ./Payload/Mec.app/de_at.strings
copying file ./Payload/Mec.app/mike_ellis_logo@3x.png ... 
2018-04-11 08:04:37 +0000  11519 bytes for ./Payload/Mec.app/mike_ellis_logo@3x.png
copying file ./Payload/Mec.app/goal_icon@2x.png ... 
2018-04-11 08:04:37 +0000  2137 bytes for ./Payload/Mec.app/goal_icon@2x.png
copying file ./Payload/Mec.app/btn_picker_time_nor@2x.png ... 
2018-04-11 08:04:37 +0000  933 bytes for ./Payload/Mec.app/btn_picker_time_nor@2x.png
2018-04-11 08:04:37 +0000  copying file ./Payload/Mec.app/LuanchController.nib ... 
2018-04-11 08:04:37 +0000  3583 bytes for ./Payload/Mec.app/LuanchController.nib
copying file ./Payload/Mec.app/my_frofile@3x.png ... 
2018-04-11 08:04:37 +0000  1079 bytes for ./Payload/Mec.app/my_frofile@3x.png
copying file ./Payload/Mec.app/fw_update_icon@3x.png ... 
2018-04-11 08:04:37 +0000  959 bytes for ./Payload/Mec.app/fw_update_icon@3x.png
2018-04-11 08:04:37 +0000  copying file ./Payload/Mec.app/impulse_clock_sub@3x.png ... 
2018-04-11 08:04:37 +0000  133472 bytes for ./Payload/Mec.app/impulse_clock_sub@3x.png
copying file ./Payload/Mec.app/step_length_icon@2x.png ... 
2018-04-11 08:04:37 +0000  1348 bytes for ./Payload/Mec.app/step_length_icon@2x.png
copying file ./Payload/Mec.app/MER_V03B.hex ... 
2018-04-11 08:04:37 +0000  132397 bytes for ./Payload/Mec.app/MER_V03B.hex
copying file ./Payload/Mec.app/run_circle_color@2x.png ... 
2018-04-11 08:04:37 +0000  27990 bytes for ./Payload/Mec.app/run_circle_color@2x.png
copying file ./Payload/Mec.app/sl.strings ... 
2018-04-11 08:04:37 +0000  15153 bytes for ./Payload/Mec.app/sl.strings
2018-04-11 08:04:37 +0000  copying file ./Payload/Mec.app/line_partition_help@2x.png ... 
643 bytes for ./Payload/Mec.app/line_partition_help@2x.png
copying file ./Payload/Mec.app/change_watch_icon@3x.png ... 
2018-04-11 08:04:37 +0000  702 bytes for ./Payload/Mec.app/change_watch_icon@3x.png
copying file ./Payload/Mec.app/change_watch_new@3x.png ... 
2018-04-11 08:04:37 +0000  360605 bytes for ./Payload/Mec.app/change_watch_new@3x.png
copying file ./Payload/Mec.app/time_setting@3x.png ... 
2018-04-11 08:04:37 +0000  1175 bytes for ./Payload/Mec.app/time_setting@3x.png
copying file ./Payload/Mec.app/ActivityController.nib ... 
2018-04-11 08:04:37 +0000  19369 bytes for ./Payload/Mec.app/ActivityController.nib
copying file ./Payload/Mec.app/sleep_habit_black@2x.png ... 
2018-04-11 08:04:37 +0000  969 bytes for ./Payload/Mec.app/sleep_habit_black@2x.png
copying file ./Payload/Mec.app/basic_daily_alarm@3x.png ... 
2018-04-11 08:04:37 +0000  1225208 bytes for ./Payload/Mec.app/basic_daily_alarm@3x.png
copying file ./Payload/Mec.app/ActivityRunPlusController.nib ... 
2018-04-11 08:04:37 +0000  9936 bytes for ./Payload/Mec.app/ActivityRunPlusController.nib
copying file ./Payload/Mec.app/social_ui@3x.png ... 
2018-04-11 08:04:37 +0000  679055 bytes for ./Payload/Mec.app/social_ui@3x.png
copying file ./Payload/Mec.app/ConnectWatchController.nib ... 
2018-04-11 08:04:37 +0000  8398 bytes for ./Payload/Mec.app/ConnectWatchController.nib
2018-04-11 08:04:37 +0000  copying file ./Payload/Mec.app/button@2x.png ... 
2018-04-11 08:04:37 +0000  3116 bytes for ./Payload/Mec.app/button@2x.png
copying file ./Payload/Mec.app/basic_time_adjust_ui@2x.png ... 
2018-04-11 08:04:37 +0000  141357 bytes for ./Payload/Mec.app/basic_time_adjust_ui@2x.png
copying file ./Payload/Mec.app/speccial_find_phone@3x.png ... 
2018-04-11 08:04:37 +0000  1321521 bytes for ./Payload/Mec.app/speccial_find_phone@3x.png
copying file ./Payload/Mec.app/AlarmListController.nib ... 
2018-04-11 08:04:37 +0000  7965 bytes for ./Payload/Mec.app/AlarmListController.nib
2018-04-11 08:04:37 +0000  copying file ./Payload/Mec.app/time_watch@2x.png ... 
2018-04-11 08:04:37 +0000  193373 bytes for ./Payload/Mec.app/time_watch@2x.png
copying file ./Payload/Mec.app/RegisterController_old.nib ... 
2018-04-11 08:04:37 +0000  26032 bytes for ./Payload/Mec.app/RegisterController_old.nib
copying file ./Payload/Mec.app/button_off@2x.png ... 
2018-04-11 08:04:37 +0000  835 bytes for ./Payload/Mec.app/button_off@2x.png
copying file ./Payload/Mec.app/SettingOldController.nib ... 
2018-04-11 08:04:37 +0000  16895 bytes for ./Payload/Mec.app/SettingOldController.nib
copying file ./Payload/Mec.app/im_ui@2x.png ... 
2018-04-11 08:04:37 +0000  10753 bytes for ./Payload/Mec.app/im_ui@2x.png
copying file ./Payload/Mec.app/social_message_icon@3x.png ... 
2018-04-11 08:04:37 +0000  1008 bytes for ./Payload/Mec.app/social_message_icon@3x.png
2018-04-11 08:04:37 +0000  copying file ./Payload/Mec.app/ips_setting_ui01@2x.png ... 
2018-04-11 08:04:37 +0000  742664 bytes for ./Payload/Mec.app/ips_setting_ui01@2x.png
copying file ./Payload/Mec.app/sleep_time_icon@2x.png ... 
2018-04-11 08:04:37 +0000  2417 bytes for ./Payload/Mec.app/sleep_time_icon@2x.png
copying file ./Payload/Mec.app/MEI_MAB1211_V02F.zip ... 
2018-04-11 08:04:37 +0000  52011 bytes for ./Payload/Mec.app/MEI_MAB1211_V02F.zip
2018-04-11 08:04:37 +0000  copying file ./Payload/Mec.app/MEI_MAB1211_V03B.zip ... 
2018-04-11 08:04:37 +0000  52505 bytes for ./Payload/Mec.app/MEI_MAB1211_V03B.zip
2018-04-11 08:04:37 +0000  copying file ./Payload/Mec.app/battery50@3x.png ... 
335 bytes for ./Payload/Mec.app/battery50@3x.png
2018-04-11 08:04:37 +0000  copying file ./Payload/Mec.app/Frameworks/libswiftCoreImage.dylib ... 
2018-04-11 08:04:37 +0000  308000 bytes for ./Payload/Mec.app/Frameworks/libswiftCoreImage.dylib
copying file ./Payload/Mec.app/Frameworks/libswiftObjectiveC.dylib ... 
2018-04-11 08:04:37 +0000  554464 bytes for ./Payload/Mec.app/Frameworks/libswiftObjectiveC.dylib
2018-04-11 08:04:37 +0000  copying file ./Payload/Mec.app/Frameworks/libswiftCore.dylib ... 
2018-04-11 08:04:40 +0000  66629936 bytes for ./Payload/Mec.app/Frameworks/libswiftCore.dylib
copying file ./Payload/Mec.app/Frameworks/libswiftCoreGraphics.dylib ... 
2018-04-11 08:04:40 +0000  1628928 bytes for ./Payload/Mec.app/Frameworks/libswiftCoreGraphics.dylib
copying file ./Payload/Mec.app/Frameworks/libswiftUIKit.dylib ... 
2018-04-11 08:04:40 +0000  1043392 bytes for ./Payload/Mec.app/Frameworks/libswiftUIKit.dylib
copying file ./Payload/Mec.app/Frameworks/libswiftMetal.dylib ... 
2018-04-11 08:04:40 +0000  449248 bytes for ./Payload/Mec.app/Frameworks/libswiftMetal.dylib
copying file ./Payload/Mec.app/Frameworks/libswiftDispatch.dylib ... 
2018-04-11 08:04:40 +0000  2722656 bytes for ./Payload/Mec.app/Frameworks/libswiftDispatch.dylib
2018-04-11 08:04:40 +0000  copying file ./Payload/Mec.app/Frameworks/libswiftos.dylib ... 
2018-04-11 08:04:40 +0000  497520 bytes for ./Payload/Mec.app/Frameworks/libswiftos.dylib
copying file ./Payload/Mec.app/Frameworks/libswiftCoreFoundation.dylib ... 
2018-04-11 08:04:40 +0000  258112 bytes for ./Payload/Mec.app/Frameworks/libswiftCoreFoundation.dylib
2018-04-11 08:04:40 +0000  copying file ./Payload/Mec.app/Frameworks/libswiftDarwin.dylib ... 
2018-04-11 08:04:40 +0000  839088 bytes for ./Payload/Mec.app/Frameworks/libswiftDarwin.dylib
2018-04-11 08:04:40 +0000  copying file ./Payload/Mec.app/Frameworks/Zip.framework/_CodeSignature/CodeResources ... 
2202 bytes for ./Payload/Mec.app/Frameworks/Zip.framework/_CodeSignature/CodeResources
2018-04-11 08:04:40 +0000  copying file ./Payload/Mec.app/Frameworks/Zip.framework/Zip ... 
2018-04-11 08:04:40 +0000  1070800 bytes for ./Payload/Mec.app/Frameworks/Zip.framework/Zip
2018-04-11 08:04:40 +0000  copying file ./Payload/Mec.app/Frameworks/Zip.framework/Info.plist ... 
728 bytes for ./Payload/Mec.app/Frameworks/Zip.framework/Info.plist
2018-04-11 08:04:40 +0000  copying file ./Payload/Mec.app/Frameworks/libswiftQuartzCore.dylib ... 
2018-04-11 08:04:40 +0000  310976 bytes for ./Payload/Mec.app/Frameworks/libswiftQuartzCore.dylib
2018-04-11 08:04:40 +0000  copying file ./Payload/Mec.app/Frameworks/iOSDFULibrary.framework/_CodeSignature/CodeResources ... 
2018-04-11 08:04:40 +0000  2202 bytes for ./Payload/Mec.app/Frameworks/iOSDFULibrary.framework/_CodeSignature/CodeResources
copying file ./Payload/Mec.app/Frameworks/iOSDFULibrary.framework/iOSDFULibrary ... 
2018-04-11 08:04:40 +0000  5051856 bytes for ./Payload/Mec.app/Frameworks/iOSDFULibrary.framework/iOSDFULibrary
copying file ./Payload/Mec.app/Frameworks/iOSDFULibrary.framework/Info.plist ... 
2018-04-11 08:04:40 +0000  748 bytes for ./Payload/Mec.app/Frameworks/iOSDFULibrary.framework/Info.plist
copying file ./Payload/Mec.app/Frameworks/libswiftFoundation.dylib ... 
2018-04-11 08:04:42 +0000  30131760 bytes for ./Payload/Mec.app/Frameworks/libswiftFoundation.dylib
2018-04-11 08:04:42 +0000  copying file ./Payload/Mec.app/pic_coil_loading coil@3x.png ... 
2018-04-11 08:04:42 +0000  54877 bytes for ./Payload/Mec.app/pic_coil_loading coil@3x.png
copying file ./Payload/Mec.app/impulse_clock_min@2x.png ... 
2018-04-11 08:04:42 +0000  134137 bytes for ./Payload/Mec.app/impulse_clock_min@2x.png
copying file ./Payload/Mec.app/EmptyAlarmController.nib ... 
2018-04-11 08:04:42 +0000  7298 bytes for ./Payload/Mec.app/EmptyAlarmController.nib
copying file ./Payload/Mec.app/SleepHabitController.nib ... 
2018-04-11 08:04:42 +0000  9226 bytes for ./Payload/Mec.app/SleepHabitController.nib
copying file ./Payload/Mec.app/Impulse_connect_now01@3x.png ... 
2018-04-11 08:04:42 +0000  366582 bytes for ./Payload/Mec.app/Impulse_connect_now01@3x.png
2018-04-11 08:04:42 +0000  copying file ./Payload/Mec.app/Helvetica LT 27 Ultra Light Condensed.ttf ... 
2018-04-11 08:04:42 +0000  39640 bytes for ./Payload/Mec.app/Helvetica LT 27 Ultra Light Condensed.ttf
2018-04-11 08:04:42 +0000  copying file ./Payload/Mec.app/point_icon@3x.png ... 
396 bytes for ./Payload/Mec.app/point_icon@3x.png
copying file ./Payload/Mec.app/man_icon_orange@2x.png ... 
2018-04-11 08:04:42 +0000  4288 bytes for ./Payload/Mec.app/man_icon_orange@2x.png
2018-04-11 08:04:42 +0000  copying file ./Payload/Mec.app/activity_title_icon_gray@3x.png ... 
2018-04-11 08:04:42 +0000  505 bytes for ./Payload/Mec.app/activity_title_icon_gray@3x.png
copying file ./Payload/Mec.app/activity@2x.png ... 
2018-04-11 08:04:42 +0000  562 bytes for ./Payload/Mec.app/activity@2x.png
copying file ./Payload/Mec.app/help_account_FR.png ... 
2018-04-11 08:04:42 +0000  46372 bytes for ./Payload/Mec.app/help_account_FR.png
copying file ./Payload/Mec.app/icon_battery_activity_75@3x.png ... 
2018-04-11 08:04:42 +0000  732 bytes for ./Payload/Mec.app/icon_battery_activity_75@3x.png
2018-04-11 08:04:42 +0000  copying file ./Payload/Mec.app/weight_circle_icon02@2x.png ... 
2018-04-11 08:04:42 +0000  32701 bytes for ./Payload/Mec.app/weight_circle_icon02@2x.png
2018-04-11 08:04:42 +0000  copying file ./Payload/Mec.app/set_unit_right@2x.png ... 
2018-04-11 08:04:42 +0000  2144 bytes for ./Payload/Mec.app/set_unit_right@2x.png
copying file ./Payload/Mec.app/high_circle_icon02@3x.png ... 
2018-04-11 08:04:42 +0000  12049 bytes for ./Payload/Mec.app/high_circle_icon02@3x.png
2018-04-11 08:04:42 +0000  copying file ./Payload/Mec.app/setting_UI@2x.png ... 
2018-04-11 08:04:42 +0000  267684 bytes for ./Payload/Mec.app/setting_UI@2x.png
copying file ./Payload/Mec.app/date_select_right_icon@3x.png ... 
2018-04-11 08:04:42 +0000  304 bytes for ./Payload/Mec.app/date_select_right_icon@3x.png
copying file ./Payload/Mec.app/embedded.mobileprovision ... 
2018-04-11 08:04:42 +0000  7446 bytes for ./Payload/Mec.app/embedded.mobileprovision
copying file ./Payload/Mec.app/set_run_goal_title@2x.png ... 
2018-04-11 08:04:42 +0000  1080 bytes for ./Payload/Mec.app/set_run_goal_title@2x.png
2018-04-11 08:04:42 +0000  copying file ./Payload/Mec.app/icon_logo_help@3x.png ... 
2018-04-11 08:04:42 +0000  48693 bytes for ./Payload/Mec.app/icon_logo_help@3x.png
copying file ./Payload/Mec.app/set_run_goal_title@3x.png ... 
2018-04-11 08:04:42 +0000  897 bytes for ./Payload/Mec.app/set_run_goal_title@3x.png
copying file ./Payload/Mec.app/icon_logo_help@2x.png ... 
2018-04-11 08:04:42 +0000  47518 bytes for ./Payload/Mec.app/icon_logo_help@2x.png
copying file ./Payload/Mec.app/set_unit_right@3x.png ... 
2018-04-11 08:04:42 +0000  1927 bytes for ./Payload/Mec.app/set_unit_right@3x.png
2018-04-11 08:04:42 +0000  copying file ./Payload/Mec.app/high_circle_icon02@2x.png ... 
2018-04-11 08:04:42 +0000  21114 bytes for ./Payload/Mec.app/high_circle_icon02@2x.png
copying file ./Payload/Mec.app/setting_UI@3x.png ... 
2018-04-11 08:04:42 +0000  615919 bytes for ./Payload/Mec.app/setting_UI@3x.png
copying file ./Payload/Mec.app/date_select_right_icon@2x.png ... 
2018-04-11 08:04:42 +0000  456 bytes for ./Payload/Mec.app/date_select_right_icon@2x.png
copying file ./Payload/Mec.app/icon_battery_activity_75@2x.png ... 
2018-04-11 08:04:42 +0000  595 bytes for ./Payload/Mec.app/icon_battery_activity_75@2x.png
copying file ./Payload/Mec.app/weight_circle_icon02@3x.png ... 
2018-04-11 08:04:42 +0000  21877 bytes for ./Payload/Mec.app/weight_circle_icon02@3x.png
2018-04-11 08:04:42 +0000  copying file ./Payload/Mec.app/HelpMenuView.nib ... 
2018-04-11 08:04:42 +0000  3364 bytes for ./Payload/Mec.app/HelpMenuView.nib
copying file ./Payload/Mec.app/activity_title_icon_gray@2x.png ... 
2018-04-11 08:04:42 +0000  693 bytes for ./Payload/Mec.app/activity_title_icon_gray@2x.png
copying file ./Payload/Mec.app/activity@3x.png ... 
2018-04-11 08:04:42 +0000  457 bytes for ./Payload/Mec.app/activity@3x.png
copying file ./Payload/Mec.app/point_icon@2x.png ... 
776 bytes for ./Payload/Mec.app/point_icon@2x.png
2018-04-11 08:04:42 +0000  copying file ./Payload/Mec.app/man_icon_orange@3x.png ... 
2018-04-11 08:04:42 +0000  2594 bytes for ./Payload/Mec.app/man_icon_orange@3x.png
copying file ./Payload/Mec.app/help_account_pl.png ... 
2018-04-11 08:04:42 +0000  75549 bytes for ./Payload/Mec.app/help_account_pl.png
copying file ./Payload/Mec.app/Impulse_connect_now01@2x.png ... 
2018-04-11 08:04:42 +0000  183701 bytes for ./Payload/Mec.app/Impulse_connect_now01@2x.png
2018-04-11 08:04:42 +0000  copying file ./Payload/Mec.app/AlarmView.nib ... 
2018-04-11 08:04:42 +0000  6752 bytes for ./Payload/Mec.app/AlarmView.nib
copying file ./Payload/Mec.app/pic_coil_loading coil@2x.png ... 
2018-04-11 08:04:42 +0000  29856 bytes for ./Payload/Mec.app/pic_coil_loading coil@2x.png
copying file ./Payload/Mec.app/impulse_clock_min@3x.png ... 
2018-04-11 08:04:42 +0000  135489 bytes for ./Payload/Mec.app/impulse_clock_min@3x.png
copying file ./Payload/Mec.app/battery50@2x.png ... 
2018-04-11 08:04:42 +0000  823 bytes for ./Payload/Mec.app/battery50@2x.png
copying file ./Payload/Mec.app/sleep_time_icon@3x.png ... 
2018-04-11 08:04:42 +0000  1360 bytes for ./Payload/Mec.app/sleep_time_icon@3x.png
copying file ./Payload/Mec.app/im_ui@3x.png ... 
2018-04-11 08:04:42 +0000  11948 bytes for ./Payload/Mec.app/im_ui@3x.png
copying file ./Payload/Mec.app/AlarmController.nib ... 
2018-04-11 08:04:42 +0000  11582 bytes for ./Payload/Mec.app/AlarmController.nib
copying file ./Payload/Mec.app/social_message_icon@2x.png ... 
2018-04-11 08:04:42 +0000  1642 bytes for ./Payload/Mec.app/social_message_icon@2x.png
copying file ./Payload/Mec.app/ips_setting_ui01@3x.png ... 
2018-04-11 08:04:42 +0000  1547664 bytes for ./Payload/Mec.app/ips_setting_ui01@3x.png
copying file ./Payload/Mec.app/button_off@3x.png ... 
2018-04-11 08:04:42 +0000  2700 bytes for ./Payload/Mec.app/button_off@3x.png
2018-04-11 08:04:42 +0000  copying file ./Payload/Mec.app/speccial_find_phone@2x.png ... 
2018-04-11 08:04:42 +0000  609865 bytes for ./Payload/Mec.app/speccial_find_phone@2x.png
2018-04-11 08:04:42 +0000  copying file ./Payload/Mec.app/VersionController.nib ... 
2018-04-11 08:04:42 +0000  4783 bytes for ./Payload/Mec.app/VersionController.nib
copying file ./Payload/Mec.app/time_watch@3x.png ... 
2018-04-11 08:04:42 +0000  99128 bytes for ./Payload/Mec.app/time_watch@3x.png
2018-04-11 08:04:42 +0000  copying file ./Payload/Mec.app/social_ui@2x.png ... 
2018-04-11 08:04:42 +0000  322890 bytes for ./Payload/Mec.app/social_ui@2x.png
2018-04-11 08:04:42 +0000  copying file ./Payload/Mec.app/button@3x.png ... 
2018-04-11 08:04:42 +0000  2165 bytes for ./Payload/Mec.app/button@3x.png
copying file ./Payload/Mec.app/basic_time_adjust_ui@3x.png ... 
2018-04-11 08:04:42 +0000  285240 bytes for ./Payload/Mec.app/basic_time_adjust_ui@3x.png
copying file ./Payload/Mec.app/Info.plist ... 
2018-04-11 08:04:42 +0000  1532 bytes for ./Payload/Mec.app/Info.plist
copying file ./Payload/Mec.app/CheckFirmWareController.nib ... 
2018-04-11 08:04:42 +0000  6667 bytes for ./Payload/Mec.app/CheckFirmWareController.nib
copying file ./Payload/Mec.app/basic_daily_alarm@2x.png ... 
2018-04-11 08:04:42 +0000  550746 bytes for ./Payload/Mec.app/basic_daily_alarm@2x.png
2018-04-11 08:04:42 +0000  copying file ./Payload/Mec.app/ConnectController.nib ... 
2018-04-11 08:04:42 +0000  9243 bytes for ./Payload/Mec.app/ConnectController.nib
2018-04-11 08:04:42 +0000  copying file ./Payload/Mec.app/Helvetica LT 107 Extra Black Condensed.ttf ... 
2018-04-11 08:04:42 +0000  40628 bytes for ./Payload/Mec.app/Helvetica LT 107 Extra Black Condensed.ttf
copying file ./Payload/Mec.app/TimeZoneView.nib ... 
2018-04-11 08:04:42 +0000  7158 bytes for ./Payload/Mec.app/TimeZoneView.nib
copying file ./Payload/Mec.app/help_account_en.png ... 
2018-04-11 08:04:42 +0000  70830 bytes for ./Payload/Mec.app/help_account_en.png
2018-04-11 08:04:42 +0000  copying file ./Payload/Mec.app/sleep_habit_black@3x.png ... 
810 bytes for ./Payload/Mec.app/sleep_habit_black@3x.png
copying file ./Payload/Mec.app/MEI_MAB1211_V03D.zip ... 
2018-04-11 08:04:42 +0000  52601 bytes for ./Payload/Mec.app/MEI_MAB1211_V03D.zip
2018-04-11 08:04:42 +0000  copying file ./Payload/Mec.app/UnitController.nib ... 
2018-04-11 08:04:42 +0000  9007 bytes for ./Payload/Mec.app/UnitController.nib
2018-04-11 08:04:42 +0000  copying file ./Payload/Mec.app/change_watch_new@2x.png ... 
2018-04-11 08:04:42 +0000  203821 bytes for ./Payload/Mec.app/change_watch_new@2x.png
copying file ./Payload/Mec.app/time_setting@2x.png ... 
2018-04-11 08:04:42 +0000  1284 bytes for ./Payload/Mec.app/time_setting@2x.png
copying file ./Payload/Mec.app/line_partition_help@3x.png ... 
2018-04-11 08:04:42 +0000  1112 bytes for ./Payload/Mec.app/line_partition_help@3x.png
copying file ./Payload/Mec.app/change_watch_icon@2x.png ... 
2018-04-11 08:04:42 +0000  897 bytes for ./Payload/Mec.app/change_watch_icon@2x.png
2018-04-11 08:04:42 +0000  copying file ./Payload/Mec.app/run_circle_color@3x.png ... 
2018-04-11 08:04:42 +0000  14620 bytes for ./Payload/Mec.app/run_circle_color@3x.png
2018-04-11 08:04:42 +0000  copying file ./Payload/Mec.app/PkgInfo ... 
8 bytes for ./Payload/Mec.app/PkgInfo
copying file ./Payload/Mec.app/ActivitySleepPlusController.nib ... 
2018-04-11 08:04:42 +0000  9115 bytes for ./Payload/Mec.app/ActivitySleepPlusController.nib
2018-04-11 08:04:42 +0000  copying file ./Payload/Mec.app/my_frofile@2x.png ... 
2018-04-11 08:04:42 +0000  1171 bytes for ./Payload/Mec.app/my_frofile@2x.png
copying file ./Payload/Mec.app/btn_picker_time_nor@3x.png ... 
2018-04-11 08:04:42 +0000  1617 bytes for ./Payload/Mec.app/btn_picker_time_nor@3x.png
copying file ./Payload/Mec.app/fw_update_icon@2x.png ... 
2018-04-11 08:04:42 +0000  899 bytes for ./Payload/Mec.app/fw_update_icon@2x.png
copying file ./Payload/Mec.app/step_length_icon@3x.png ... 
2018-04-11 08:04:42 +0000  987 bytes for ./Payload/Mec.app/step_length_icon@3x.png
2018-04-11 08:04:42 +0000  copying file ./Payload/Mec.app/impulse_clock_sub@2x.png ... 
2018-04-11 08:04:42 +0000  132922 bytes for ./Payload/Mec.app/impulse_clock_sub@2x.png
copying file ./Payload/Mec.app/TimeSyncController.nib ... 
2018-04-11 08:04:42 +0000  6233 bytes for ./Payload/Mec.app/TimeSyncController.nib
copying file ./Payload/Mec.app/IMController.nib ... 
2018-04-11 08:04:42 +0000  7416 bytes for ./Payload/Mec.app/IMController.nib
copying file ./Payload/Mec.app/MyWatchTitleCell.nib ... 
2018-04-11 08:04:42 +0000  6461 bytes for ./Payload/Mec.app/MyWatchTitleCell.nib
copying file ./Payload/Mec.app/mike_ellis_logo@2x.png ... 
2018-04-11 08:04:42 +0000  10764 bytes for ./Payload/Mec.app/mike_ellis_logo@2x.png
copying file ./Payload/Mec.app/goal_icon@3x.png ... 
2018-04-11 08:04:42 +0000  1268 bytes for ./Payload/Mec.app/goal_icon@3x.png
copying file ./Payload/Mec.app/button_off_de@3x.png ... 
2018-04-11 08:04:42 +0000  3888 bytes for ./Payload/Mec.app/button_off_de@3x.png
copying file ./Payload/Mec.app/Mec ... 
2018-04-11 08:04:42 +0000  17874064 bytes for ./Payload/Mec.app/Mec
copying file ./Payload/Mec.app/icon_battery_00@2x.png ... 
2018-04-11 08:04:42 +0000  436 bytes for ./Payload/Mec.app/icon_battery_00@2x.png
copying file ./Payload/Mec.app/email_icon@3x.png ... 
2018-04-11 08:04:42 +0000  498 bytes for ./Payload/Mec.app/email_icon@3x.png
2018-04-11 08:04:42 +0000  copying file ./SwiftSupport/iphoneos/libswiftCoreImage.dylib ... 
2018-04-11 08:04:42 +0000  307520 bytes for ./SwiftSupport/iphoneos/libswiftCoreImage.dylib
2018-04-11 08:04:42 +0000  copying file ./SwiftSupport/iphoneos/libswiftObjectiveC.dylib ... 
2018-04-11 08:04:42 +0000  553984 bytes for ./SwiftSupport/iphoneos/libswiftObjectiveC.dylib
copying file ./SwiftSupport/iphoneos/libswiftCore.dylib ... 
2018-04-11 08:04:46 +0000  66629456 bytes for ./SwiftSupport/iphoneos/libswiftCore.dylib
copying file ./SwiftSupport/iphoneos/libswiftCoreGraphics.dylib ... 
2018-04-11 08:04:46 +0000  1628432 bytes for ./SwiftSupport/iphoneos/libswiftCoreGraphics.dylib
copying file ./SwiftSupport/iphoneos/libswiftUIKit.dylib ... 
2018-04-11 08:04:46 +0000  1042912 bytes for ./SwiftSupport/iphoneos/libswiftUIKit.dylib
2018-04-11 08:04:46 +0000  copying file ./SwiftSupport/iphoneos/libswiftMetal.dylib ... 
2018-04-11 08:04:46 +0000  448768 bytes for ./SwiftSupport/iphoneos/libswiftMetal.dylib
copying file ./SwiftSupport/iphoneos/libswiftDispatch.dylib ... 
2018-04-11 08:04:46 +0000  2722176 bytes for ./SwiftSupport/iphoneos/libswiftDispatch.dylib
2018-04-11 08:04:46 +0000  copying file ./SwiftSupport/iphoneos/libswiftos.dylib ... 
2018-04-11 08:04:46 +0000  497040 bytes for ./SwiftSupport/iphoneos/libswiftos.dylib
copying file ./SwiftSupport/iphoneos/libswiftCoreFoundation.dylib ... 
2018-04-11 08:04:46 +0000  257616 bytes for ./SwiftSupport/iphoneos/libswiftCoreFoundation.dylib
copying file ./SwiftSupport/iphoneos/libswiftDarwin.dylib ... 
2018-04-11 08:04:46 +0000  838608 bytes for ./SwiftSupport/iphoneos/libswiftDarwin.dylib
copying file ./SwiftSupport/iphoneos/libswiftQuartzCore.dylib ... 
2018-04-11 08:04:46 +0000  310496 bytes for ./SwiftSupport/iphoneos/libswiftQuartzCore.dylib
copying file ./SwiftSupport/iphoneos/libswiftFoundation.dylib ... 
2018-04-11 08:04:47 +0000  30131264 bytes for ./SwiftSupport/iphoneos/libswiftFoundation.dylib
2018-04-11 08:04:47 +0000  copying file ./Symbols/DCFD7479-6F7F-3200-AF77-BF3EBA498355.symbols ... 
2368 bytes for ./Symbols/DCFD7479-6F7F-3200-AF77-BF3EBA498355.symbols
copying file ./Symbols/52EBEF45-5DF1-317D-8310-F05CEE9ED74D.symbols ... 
13208 bytes for ./Symbols/52EBEF45-5DF1-317D-8310-F05CEE9ED74D.symbols
copying file ./Symbols/823D89E9-5018-3004-B07A-8385380D65C7.symbols ... 
2018-04-11 08:04:47 +0000  6592 bytes for ./Symbols/823D89E9-5018-3004-B07A-8385380D65C7.symbols
2018-04-11 08:04:47 +0000  copying file ./Symbols/6E35C3D1-15C2-316C-87B3-DDA8AF5F1D72.symbols ... 
2018-04-11 08:04:47 +0000  43960 bytes for ./Symbols/6E35C3D1-15C2-316C-87B3-DDA8AF5F1D72.symbols
2018-04-11 08:04:47 +0000  copying file ./Symbols/81F66E04-BAB1-33FE-B336-9B4162A68AFC.symbols ... 
2018-04-11 08:04:47 +0000  2472 bytes for ./Symbols/81F66E04-BAB1-33FE-B336-9B4162A68AFC.symbols
copying file ./Symbols/CACBF3AE-8ABB-362C-B85E-1BFC5879DDF8.symbols ... 
2018-04-11 08:04:47 +0000  21552 bytes for ./Symbols/CACBF3AE-8ABB-362C-B85E-1BFC5879DDF8.symbols
2018-04-11 08:04:47 +0000  copying file ./Symbols/99FE325C-BA6F-32B8-80AF-4F65D3411517.symbols ... 
2018-04-11 08:04:48 +0000  3348520 bytes for ./Symbols/99FE325C-BA6F-32B8-80AF-4F65D3411517.symbols
2018-04-11 08:04:48 +0000  copying file ./Symbols/A8918F61-41B8-31F7-8310-248489B980D5.symbols ... 
2018-04-11 08:04:48 +0000  44536 bytes for ./Symbols/A8918F61-41B8-31F7-8310-248489B980D5.symbols
2018-04-11 08:04:48 +0000  copying file ./Symbols/5C914A0C-CE08-38DE-8250-E6896D037E6A.symbols ... 
2018-04-11 08:04:48 +0000  12952 bytes for ./Symbols/5C914A0C-CE08-38DE-8250-E6896D037E6A.symbols
2018-04-11 08:04:48 +0000  copying file ./Symbols/51BCAE24-E868-3046-B714-A4DC8AD58AE4.symbols ... 
2018-04-11 08:04:48 +0000  103104 bytes for ./Symbols/51BCAE24-E868-3046-B714-A4DC8AD58AE4.symbols
2018-04-11 08:04:48 +0000  copying file ./Symbols/B6FA4187-E4D5-3312-9FAC-8A7793454110.symbols ... 
2018-04-11 08:04:48 +0000  223640 bytes for ./Symbols/B6FA4187-E4D5-3312-9FAC-8A7793454110.symbols
2018-04-11 08:04:48 +0000  copying file ./Symbols/901FAE5E-9E96-37BC-B743-01B3B63E235D.symbols ... 
2018-04-11 08:04:48 +0000  21552 bytes for ./Symbols/901FAE5E-9E96-37BC-B743-01B3B63E235D.symbols
2018-04-11 08:04:48 +0000  copying file ./Symbols/E3FAAA76-0D12-35BA-92BA-2D22987F0638.symbols ... 
2018-04-11 08:04:48 +0000  6592 bytes for ./Symbols/E3FAAA76-0D12-35BA-92BA-2D22987F0638.symbols
2018-04-11 08:04:48 +0000  copying file ./Symbols/39B93A13-DBC8-3E0C-A1B3-35FABA5480B1.symbols ... 
2018-04-11 08:04:48 +0000  2728 bytes for ./Symbols/39B93A13-DBC8-3E0C-A1B3-35FABA5480B1.symbols
copying file ./Symbols/8ED77568-C9ED-3229-BA7A-6B0D92719402.symbols ... 
2018-04-11 08:04:48 +0000  21592 bytes for ./Symbols/8ED77568-C9ED-3229-BA7A-6B0D92719402.symbols
2018-04-11 08:04:48 +0000  copying file ./Symbols/84C6189D-14AC-327A-AD00-F813181D2BD1.symbols ... 
2018-04-11 08:04:48 +0000  3347936 bytes for ./Symbols/84C6189D-14AC-327A-AD00-F813181D2BD1.symbols
2018-04-11 08:04:48 +0000  copying file ./Symbols/966DDD4D-8A03-3041-9D42-A37268354104.symbols ... 
2018-04-11 08:04:48 +0000  6928 bytes for ./Symbols/966DDD4D-8A03-3041-9D42-A37268354104.symbols
2018-04-11 08:04:48 +0000  copying file ./Symbols/F1F2287F-B515-3A28-BEEA-12EC2D547BF8.symbols ... 
2018-04-11 08:04:48 +0000  102384 bytes for ./Symbols/F1F2287F-B515-3A28-BEEA-12EC2D547BF8.symbols
2018-04-11 08:04:48 +0000  copying file ./Symbols/F8DBDC31-7EB7-3A35-AC52-2490830DDBD4.symbols ... 
2018-04-11 08:04:48 +0000  60328 bytes for ./Symbols/F8DBDC31-7EB7-3A35-AC52-2490830DDBD4.symbols
2018-04-11 08:04:48 +0000  copying file ./Symbols/DBD251FE-2608-3963-A0A0-D8A86EB64E0C.symbols ... 
2018-04-11 08:04:48 +0000  13208 bytes for ./Symbols/DBD251FE-2608-3963-A0A0-D8A86EB64E0C.symbols
2018-04-11 08:04:48 +0000  copying file ./Symbols/9433FC53-F726-30DC-8C53-851703DD440B.symbols ... 
2018-04-11 08:04:48 +0000  2816 bytes for ./Symbols/9433FC53-F726-30DC-8C53-851703DD440B.symbols
copying file ./Symbols/1194F495-00EA-38CB-BCBA-E0EF1A3B0D14.symbols ... 
2018-04-11 08:04:48 +0000  60000 bytes for ./Symbols/1194F495-00EA-38CB-BCBA-E0EF1A3B0D14.symbols
2018-04-11 08:04:48 +0000  copying file ./Symbols/844914D5-7322-3A0B-95E1-1B380BE9D18B.symbols ... 
2018-04-11 08:04:48 +0000  1510736 bytes for ./Symbols/844914D5-7322-3A0B-95E1-1B380BE9D18B.symbols
2018-04-11 08:04:48 +0000  copying file ./Symbols/402FD36F-3025-37FF-93CD-C58DCA7ED35D.symbols ... 
13120 bytes for ./Symbols/402FD36F-3025-37FF-93CD-C58DCA7ED35D.symbols
copying file ./Symbols/CA49E7B9-407C-3436-9E71-1BD96983265C.symbols ... 
2368 bytes for ./Symbols/CA49E7B9-407C-3436-9E71-1BD96983265C.symbols
copying file ./Symbols/8AEF7D3A-C8E4-3618-A204-14353E0A88FB.symbols ... 
2728 bytes for ./Symbols/8AEF7D3A-C8E4-3618-A204-14353E0A88FB.symbols
copying file ./Symbols/93D62379-9897-3127-BFD3-526BB4013E5F.symbols ... 
2018-04-11 08:04:48 +0000  12952 bytes for ./Symbols/93D62379-9897-3127-BFD3-526BB4013E5F.symbols
2018-04-11 08:04:48 +0000  copying file ./Symbols/31302350-F2A9-398B-9DB7-89AF41C9F6C8.symbols ... 
2018-04-11 08:04:48 +0000  12760 bytes for ./Symbols/31302350-F2A9-398B-9DB7-89AF41C9F6C8.symbols
2018-04-11 08:04:48 +0000  copying file ./Symbols/3A18E7ED-93D3-385A-968F-4EB382A46370.symbols ... 
2018-04-11 08:04:48 +0000  103176 bytes for ./Symbols/3A18E7ED-93D3-385A-968F-4EB382A46370.symbols
2018-04-11 08:04:48 +0000  copying file ./Symbols/3DB343D4-7102-3B33-8565-DF200CC0197E.symbols ... 
2018-04-11 08:04:48 +0000  3329432 bytes for ./Symbols/3DB343D4-7102-3B33-8565-DF200CC0197E.symbols
2018-04-11 08:04:48 +0000  copying file ./Symbols/E82A7F82-30CF-326A-B53A-424CF8E39570.symbols ... 
2018-04-11 08:04:48 +0000  221720 bytes for ./Symbols/E82A7F82-30CF-326A-B53A-424CF8E39570.symbols
2018-04-11 08:04:48 +0000  copying file ./Symbols/83D74E0A-99F2-3658-A591-F4ABBD60C578.symbols ... 
2018-04-11 08:04:48 +0000  44536 bytes for ./Symbols/83D74E0A-99F2-3658-A591-F4ABBD60C578.symbols
2018-04-11 08:04:48 +0000  copying file ./Symbols/39002AAF-2C42-3487-80AB-6EBA82C171E1.symbols ... 
2018-04-11 08:04:48 +0000  1504856 bytes for ./Symbols/39002AAF-2C42-3487-80AB-6EBA82C171E1.symbols
2018-04-11 08:04:48 +0000  copying file ./Symbols/ED0A87D8-337C-3482-8319-4442A2EC42BF.symbols ... 
2018-04-11 08:04:48 +0000  1510592 bytes for ./Symbols/ED0A87D8-337C-3482-8319-4442A2EC42BF.symbols
2018-04-11 08:04:48 +0000  copying file ./Symbols/9B2B8FE3-E073-3684-A26F-B8CBB8A7C9AE.symbols ... 
2018-04-11 08:04:48 +0000  60328 bytes for ./Symbols/9B2B8FE3-E073-3684-A26F-B8CBB8A7C9AE.symbols
2018-04-11 08:04:48 +0000  copying file ./Symbols/9E1FC0B9-5A61-3A1D-98D5-BAC795B97779.symbols ... 
2018-04-11 08:04:48 +0000  223712 bytes for ./Symbols/9E1FC0B9-5A61-3A1D-98D5-BAC795B97779.symbols
2018-04-11 08:04:48 +0000  2018-04-11 08:04:48 +0000  

2018-04-11 08:04:48 +0000  /usr/bin/ditto exited with 0
2018-04-11 08:04:48 +0000  2018-04-11 08:04:48 +0000  

2018-04-11 08:04:48 +0000  Processing step: IDEDistributionCreateManifestStep
2018-04-11 08:04:48 +0000  Skipping step: IDEDistributionCreateManifestStep because it said so
